,rent_time,rent_s_no,time,s_no
1573,2023-04-01 06:00:01,501204007,2023-04-01 06:18:33,501208065
1586,2023-04-01 06:01:25,501205009,2023-04-01 06:09:59,501208011
1609,2023-04-01 06:05:02,501205037,2023-04-01 06:11:44,501202043
1611,2023-04-01 06:05:08,501205011,2023-04-01 06:09:56,501205023
1616,2023-04-01 06:06:06,501205023,2023-04-01 07:06:14,501201002
1618,2023-04-01 06:06:07,501205033,2023-04-01 06:20:56,501201017
1621,2023-04-01 06:06:28,501204008,2023-04-01 06:45:22,501204021
1633,2023-04-01 06:08:06,501205013,2023-04-01 06:11:15,501205028
1641,2023-04-01 06:09:07,501204014,2023-04-01 06:15:09,501209065
1680,2023-04-01 06:15:21,501205012,2023-04-01 06:28:55,501208062
1687,2023-04-01 06:15:53,501205009,2023-04-01 06:25:13,501205009
1694,2023-04-01 06:16:40,501205025,2023-04-01 06:25:08,501205009
1696,2023-04-01 06:16:53,501205001,2023-04-01 06:24:55,501204014
1725,2023-04-01 06:20:09,501205006,2023-04-01 06:25:01,501205019
1744,2023-04-01 06:22:11,501205023,2023-04-01 06:33:30,501203117
1759,2023-04-01 06:24:10,501204003,2023-04-01 06:28:36,501204021
1778,2023-04-01 06:26:23,501204009,2023-04-01 07:04:11,501202030
1809,2023-04-01 06:29:12,501204009,2023-04-01 07:06:37,501204021
1815,2023-04-01 06:29:41,501205031,2023-04-01 06:57:39,501209051
1823,2023-04-01 06:30:03,501204003,2023-04-01 06:32:03,501204012
1825,2023-04-01 06:30:06,501204003,2023-04-01 06:32:02,501204012
1826,2023-04-01 06:30:07,501204003,2023-04-01 06:32:08,501204012
1852,2023-04-01 06:32:00,501205038,2023-04-01 06:55:03,501203088
1873,2023-04-01 06:33:25,501204014,2023-04-01 06:45:18,501204013
1900,2023-04-01 06:35:51,501204017,2023-04-01 06:46:48,501202043
1903,2023-04-01 06:35:59,501205010,2023-04-01 06:41:13,501205025
1905,2023-04-01 06:36:15,501205010,2023-04-01 06:40:51,501205025
1911,2023-04-01 06:36:30,501205038,2023-04-01 07:11:10,501205038
1917,2023-04-01 06:36:41,501205010,2023-04-01 06:40:56,501205025
1927,2023-04-01 06:37:45,501205006,2023-04-01 06:41:41,501205019
1994,2023-04-01 06:42:52,501204008,2023-04-01 07:57:58,501204008
2002,2023-04-01 06:43:25,501204003,2023-04-01 06:51:55,501205014
2006,2023-04-01 06:43:57,501205028,2023-04-01 06:54:46,501202078
2056,2023-04-01 06:47:36,501204008,2023-04-01 07:57:59,501204008
2069,2023-04-01 06:49:25,501205007,2023-04-01 06:52:06,501201002
2085,2023-04-01 06:50:54,501204008,2023-04-01 07:11:56,501209010
2087,2023-04-01 06:51:00,501204008,2023-04-01 07:57:51,501204008
2095,2023-04-01 06:51:29,501204011,2023-04-01 06:57:16,501209065
2105,2023-04-01 06:52:20,501204015,2023-04-01 07:16:53,501209083
2110,2023-04-01 06:52:55,501205009,2023-04-01 07:07:23,501202078
2123,2023-04-01 06:53:48,501205029,2023-04-01 06:56:49,501205026
2135,2023-04-01 06:54:30,501205031,2023-04-01 07:05:35,501205038
2138,2023-04-01 06:54:40,501204003,2023-04-01 07:31:27,501204017
2157,2023-04-01 06:55:47,501205012,2023-04-01 07:03:36,501208053
2170,2023-04-01 06:56:48,501204011,2023-04-01 07:02:57,501209085
2174,2023-04-01 06:57:14,501204013,2023-04-01 07:04:11,501204002
2184,2023-04-01 06:58:06,501204013,2023-04-01 07:00:54,501204011
2298,2023-04-01 07:05:18,501204022,2023-04-01 07:06:32,501204021
2301,2023-04-01 07:05:26,501205019,2023-04-01 07:34:32,501203005
2306,2023-04-01 07:05:37,501205019,2023-04-01 07:34:21,501203005
2326,2023-04-01 07:07:12,501205026,2023-04-01 07:14:43,501203110
2329,2023-04-01 07:07:21,501204016,2023-04-01 07:13:09,501204016
2385,2023-04-01 07:10:34,501205014,2023-04-01 07:10:42,501205014
2397,2023-04-01 07:11:10,501205014,2023-04-01 07:21:56,501203003
2404,2023-04-01 07:11:32,501205018,2023-04-01 07:17:53,501203002
2433,2023-04-01 07:13:38,501205039,2023-04-01 07:19:33,501201002
2439,2023-04-01 07:13:53,501205014,2023-04-01 07:19:25,501205025
2460,2023-04-01 07:15:07,501205011,2023-04-01 07:21:01,501205025
2461,2023-04-01 07:15:10,501205035,2023-04-01 07:23:00,501203089
2473,2023-04-01 07:15:45,501204013,2023-04-01 07:27:30,501204017
2505,2023-04-01 07:16:52,501205023,2023-04-01 07:23:34,501205011
2512,2023-04-01 07:17:07,501205031,2023-04-01 07:20:57,501205028
2539,2023-04-01 07:18:19,501204023,2023-04-01 07:23:59,501209045
2581,2023-04-01 07:21:00,501205001,2023-04-01 07:31:52,501201019
2585,2023-04-01 07:21:12,501205001,2023-04-01 07:31:52,501201019
2594,2023-04-01 07:22:01,501205006,2023-04-01 07:31:02,501205037
2602,2023-04-01 07:22:30,501205009,2023-04-01 07:30:50,501202023
2623,2023-04-01 07:23:14,501204011,2023-04-01 07:52:45,501208081
2661,2023-04-01 07:25:22,501204013,2023-04-01 07:36:01,501209036
2813,2023-04-01 07:33:36,501205025,2023-04-01 08:27:40,501201020
2815,2023-04-01 07:33:45,501205010,2023-04-01 07:37:02,501205011
2827,2023-04-01 07:34:09,501204017,2023-04-01 07:36:31,501204020
2835,2023-04-01 07:34:26,501205008,2023-04-01 07:42:04,501203002
2843,2023-04-01 07:34:40,501205010,2023-04-01 07:38:12,501205025
2857,2023-04-01 07:35:04,501204023,2023-04-01 07:45:04,501203002
2867,2023-04-01 07:35:29,501204013,2023-04-01 07:43:08,501205039
2921,2023-04-01 07:37:55,501204023,2023-04-01 07:42:38,501204003
2935,2023-04-01 07:38:16,501205028,2023-04-01 07:41:28,501205013
2972,2023-04-01 07:39:28,501205011,2023-04-01 08:21:42,501203018
2982,2023-04-01 07:39:57,501205009,2023-04-01 07:44:45,501205014
3008,2023-04-01 07:41:36,501205026,2023-04-01 07:52:23,501205026
3044,2023-04-01 07:42:50,501204021,2023-04-01 08:22:30,501209036
3051,2023-04-01 07:43:00,501204021,2023-04-01 07:50:10,501209026
3070,2023-04-01 07:43:58,501204017,2023-04-01 07:48:26,501204008
3109,2023-04-01 07:45:52,501204023,2023-04-01 08:31:11,501212018
3137,2023-04-01 07:48:04,501204015,2023-04-01 08:06:49,501205010
3167,2023-04-01 07:49:42,501204013,2023-04-01 08:14:52,501204013
3197,2023-04-01 07:51:19,501204021,2023-04-01 08:17:51,501204008
3198,2023-04-01 07:51:24,501204004,2023-04-01 08:07:37,501204023
3202,2023-04-01 07:51:45,501204008,2023-04-01 08:56:59,501204008
3205,2023-04-01 07:51:48,501204004,2023-04-01 08:07:32,501204023
3208,2023-04-01 07:51:57,501204008,2023-04-01 08:57:11,501204008
3266,2023-04-01 07:54:06,501204008,2023-04-01 08:57:04,501204008
3282,2023-04-01 07:55:07,501205009,2023-04-01 07:59:20,501201002
3288,2023-04-01 07:55:33,501204023,2023-04-01 08:12:27,501202050
3291,2023-04-01 07:55:45,501204003,2023-04-01 08:00:30,501209045
3293,2023-04-01 07:55:46,501205026,2023-04-01 08:20:31,501205037
3298,2023-04-01 07:55:53,501205014,2023-04-01 08:06:20,501204021
3306,2023-04-01 07:56:05,501205014,2023-04-01 08:06:16,501204021
3316,2023-04-01 07:56:35,501205039,2023-04-01 08:00:59,501201017
3338,2023-04-01 07:57:44,501205004,2023-04-01 08:10:46,501201017
3340,2023-04-01 07:57:46,501204017,2023-04-01 08:04:47,501209045
3373,2023-04-01 07:59:10,501204020,2023-04-01 08:07:28,501209026
3380,2023-04-01 07:59:25,501205013,2023-04-01 08:03:29,501205028
3409,2023-04-01 08:00:25,501204023,2023-04-01 08:20:08,501203070
3414,2023-04-01 08:00:37,501205023,2023-04-01 08:16:29,501202034
3454,2023-04-01 08:02:50,501204014,2023-04-01 08:10:32,501205012
3521,2023-04-01 08:06:03,501204023,2023-04-01 08:09:59,501204009
3532,2023-04-01 08:06:33,501204021,2023-04-02 23:45:44,501204021
3537,2023-04-01 08:06:49,501204014,2023-04-01 08:40:37,501203134
3573,2023-04-01 08:08:25,501205004,2023-04-01 08:12:52,501205028
3579,2023-04-01 08:08:34,501204017,2023-04-01 08:19:02,501204003
3599,2023-04-01 08:09:13,501204022,2023-04-01 08:36:33,501204022
3607,2023-04-01 08:09:30,501205015,2023-04-01 08:14:19,501203003
3619,2023-04-01 08:09:59,501205008,2023-04-01 08:45:31,501204001
3629,2023-04-01 08:10:19,501205014,2023-04-01 08:16:50,501205025
3657,2023-04-01 08:11:13,501205028,2023-04-01 08:19:13,501203012
3658,2023-04-01 08:11:13,501204011,2023-04-01 08:26:31,501209075
3662,2023-04-01 08:11:25,501205023,2023-04-01 08:21:42,501205021
3673,2023-04-01 08:11:57,501205022,2023-04-01 08:21:46,501204012
3683,2023-04-01 08:12:18,501204003,2023-04-01 08:48:28,501209023
3690,2023-04-01 08:12:55,501205004,2023-04-01 09:42:55,501205004
3709,2023-04-01 08:13:39,501205021,2023-04-01 08:24:25,501203080
3771,2023-04-01 08:16:22,501205029,2023-04-01 08:21:01,501205028
3794,2023-04-01 08:17:08,501205028,2023-04-01 08:23:36,501203084
3824,2023-04-01 08:18:46,501204012,2023-04-01 08:22:20,501204020
3832,2023-04-01 08:19:07,501205003,2023-04-01 08:23:11,501205033
3844,2023-04-01 08:19:42,501204012,2023-04-01 08:23:21,501204003
3854,2023-04-01 08:20:04,501204012,2023-04-01 08:23:14,501204003
3859,2023-04-01 08:20:15,501205025,2023-04-01 08:24:06,501205034
3861,2023-04-01 08:20:21,501204012,2023-04-01 08:23:38,501204003
3877,2023-04-01 08:20:53,501204012,2023-04-01 08:23:38,501204003
3898,2023-04-01 08:21:44,501205015,2023-04-01 08:26:13,501203102
3924,2023-04-01 08:22:27,501205004,2023-04-01 08:28:01,501203001
3941,2023-04-01 08:22:53,501204008,2023-04-01 09:32:35,501204008
3972,2023-04-01 08:24:07,501204020,2023-04-01 08:29:35,501204003
3982,2023-04-01 08:24:26,501204013,2023-04-01 09:10:26,501204013
3988,2023-04-01 08:24:39,501205037,2023-04-01 08:30:41,501202043
3991,2023-04-01 08:24:45,501205039,2023-04-01 08:29:53,501201017
4004,2023-04-01 08:25:28,501205034,2023-04-01 08:29:11,501205027
4010,2023-04-01 08:25:34,501205034,2023-04-01 08:29:08,501205027
4042,2023-04-01 08:26:50,501204018,2023-04-01 09:37:52,501204018
4069,2023-04-01 08:27:49,501204021,2023-04-01 08:39:19,501209052
4071,2023-04-01 08:27:53,501204016,2023-04-01 09:00:20,501204016
4093,2023-04-01 08:28:41,501204016,2023-04-01 09:00:16,501204016
4104,2023-04-01 08:29:27,501204009,2023-04-01 08:31:07,501204002
4110,2023-04-01 08:29:40,501205037,2023-04-01 08:37:14,501202043
4130,2023-04-01 08:30:43,501204022,2023-04-01 08:32:39,501204003
4132,2023-04-01 08:30:49,501204022,2023-04-01 08:32:41,501204003
4133,2023-04-01 08:30:49,501204007,2023-04-01 08:44:12,501204020
4152,2023-04-01 08:31:23,501204008,2023-04-01 08:38:54,501204008
4166,2023-04-01 08:31:55,501204008,2023-04-01 09:45:37,501204008
4180,2023-04-01 08:32:45,501205025,2023-04-01 08:45:16,501205012
4183,2023-04-01 08:32:58,501204008,2023-04-01 09:45:16,501204008
4207,2023-04-01 08:33:48,501204013,2023-04-01 08:42:39,501204017
4212,2023-04-01 08:33:58,501205012,2023-04-01 08:42:10,501202055
4218,2023-04-01 08:34:04,501204012,2023-04-01 08:43:54,501204016
4224,2023-04-01 08:34:10,501204013,2023-04-01 08:43:26,501204017
4227,2023-04-01 08:34:23,501205031,2023-04-01 08:40:38,501205028
4228,2023-04-01 08:34:24,501205031,2023-04-01 08:41:17,501205018
4250,2023-04-01 08:35:06,501204021,2023-04-01 08:52:35,501204021
4255,2023-04-01 08:35:12,501205009,2023-04-01 09:01:18,501204007
4262,2023-04-01 08:35:22,501205039,2023-04-01 08:39:24,501203003
4265,2023-04-01 08:35:37,501205004,2023-04-01 08:47:31,501205023
4267,2023-04-01 08:35:40,501204003,2023-04-01 08:38:25,501204008
4315,2023-04-01 08:37:27,501204003,2023-04-01 09:10:43,501204003
4325,2023-04-01 08:37:39,501204012,2023-04-01 08:59:25,501203117
4336,2023-04-01 08:37:56,501204012,2023-04-01 08:44:55,501204016
4378,2023-04-01 08:39:37,501205039,2023-04-01 08:56:12,501204017
4392,2023-04-01 08:39:59,501205039,2023-04-01 08:56:12,501204017
4435,2023-04-01 08:41:21,501205014,2023-04-01 08:49:02,501205009
4438,2023-04-01 08:41:24,501204018,2023-04-01 08:41:31,501204018
4456,2023-04-01 08:42:01,501204011,2023-04-01 08:47:34,501209023
4460,2023-04-01 08:42:11,501204018,2023-04-01 08:45:36,501204003
4467,2023-04-01 08:42:18,501205008,2023-04-01 08:48:42,501203073
4468,2023-04-01 08:42:19,501205018,2023-04-01 08:56:51,501201025
4525,2023-04-01 08:43:58,501205010,2023-04-01 08:45:27,501205037
4537,2023-04-01 08:44:26,501204012,2023-04-01 09:11:33,501205022
4589,2023-04-01 08:45:48,501204024,2023-04-01 09:54:29,501204024
4593,2023-04-01 08:45:52,501205021,2023-04-01 09:53:50,501204007
4597,2023-04-01 08:45:56,501205037,2023-04-01 09:12:28,501203039
4602,2023-04-01 08:46:16,501205021,2023-04-01 09:54:02,501204007
4631,2023-04-01 08:47:05,501204017,2023-04-01 09:31:05,501209036
4632,2023-04-01 08:47:06,501204017,2023-04-01 09:31:24,501209036
4648,2023-04-01 08:47:32,501204017,2023-04-01 09:30:57,501209036
4673,2023-04-01 08:48:12,501205021,2023-04-01 09:08:14,501209002
4685,2023-04-01 08:48:32,501205025,2023-04-01 08:54:37,501205020
4709,2023-04-01 08:49:30,501205037,2023-04-01 08:57:12,501204021
4726,2023-04-01 08:49:57,501204014,2023-04-01 08:57:05,501205021
4737,2023-04-01 08:50:10,501204021,2023-04-01 12:50:04,501204007
4741,2023-04-01 08:50:21,501204014,2023-04-01 08:57:06,501205021
4744,2023-04-01 08:50:23,501204003,2023-04-01 09:26:35,501204003
4757,2023-04-01 08:50:33,501205025,2023-04-01 08:57:44,501202083
4761,2023-04-01 08:50:36,501205025,2023-04-01 08:59:05,501205027
4785,2023-04-01 08:51:25,501205007,2023-04-01 09:04:56,501202083
4792,2023-04-01 08:51:40,501204003,2023-04-01 08:54:27,501204020
4817,2023-04-01 08:52:26,501204003,2023-04-01 08:55:41,501204018
4917,2023-04-01 08:55:32,501204016,2023-04-01 09:06:03,501204013
4918,2023-04-01 08:55:34,501205033,2023-04-01 09:12:30,501205033
4919,2023-04-01 08:55:35,501205033,2023-04-01 09:12:32,501205033
4929,2023-04-01 08:55:49,501205021,2023-04-01 09:05:16,501203001
4932,2023-04-01 08:55:55,501204020,2023-04-01 08:59:58,501204015
4934,2023-04-01 08:55:59,501205007,2023-04-01 08:58:02,501201002
4976,2023-04-01 08:57:12,501205037,2023-04-01 09:06:07,501204017
4988,2023-04-01 08:57:33,501204018,2023-04-01 09:03:59,501204014
4992,2023-04-01 08:57:38,501204023,2023-04-01 09:03:20,501204023
5003,2023-04-01 08:58:05,501205007,2023-04-01 09:10:58,501205007
5051,2023-04-01 08:59:30,501205005,2023-04-01 09:07:58,501205025
46895,2023-04-02 06:01:45,501205023,2023-04-02 06:09:02,501208011
46901,2023-04-02 06:02:52,501204007,2023-04-02 06:22:06,501202088
46929,2023-04-02 06:07:45,501204021,2023-04-02 06:35:06,501201030
46930,2023-04-02 06:07:47,501204020,2023-04-02 06:25:57,501203065
46987,2023-04-02 06:17:19,501205006,2023-04-02 06:25:37,501203003
46996,2023-04-02 06:19:14,501204009,2023-04-02 06:58:40,501204009
47000,2023-04-02 06:19:53,501204009,2023-04-02 06:58:37,501204009
47001,2023-04-02 06:19:57,501204022,2023-04-02 06:21:04,501204017
47007,2023-04-02 06:20:31,501205038,2023-04-02 06:44:06,501203088
47038,2023-04-02 06:23:38,501204003,2023-04-02 06:26:48,501204021
47052,2023-04-02 06:24:49,501205009,2023-04-02 06:43:57,501209008
47057,2023-04-02 06:25:39,501205028,2023-04-02 06:51:01,501202050
47058,2023-04-02 06:26:12,501205026,2023-04-02 06:33:02,501205009
47059,2023-04-02 06:26:14,501205007,2023-04-02 06:32:23,501203003
47082,2023-04-02 06:29:24,501205011,2023-04-02 06:30:21,501205020
47095,2023-04-02 06:30:30,501205003,2023-04-02 06:42:08,501203003
47104,2023-04-02 06:31:00,501204011,2023-04-02 06:47:10,501204011
47107,2023-04-02 06:31:07,501205020,2023-04-02 06:35:18,501205025
47132,2023-04-02 06:34:26,501205023,2023-04-02 06:44:18,501201002
47137,2023-04-02 06:34:39,501205023,2023-04-02 06:44:16,501201002
47153,2023-04-02 06:36:19,501205022,2023-04-02 06:41:11,501205028
47170,2023-04-02 06:37:47,501205038,2023-04-02 07:15:14,501205038
47175,2023-04-02 06:38:28,501205029,2023-04-02 06:48:34,501203003
47201,2023-04-02 06:40:48,501205008,2023-04-02 07:00:10,501209019
47202,2023-04-02 06:40:53,501205026,2023-04-02 06:47:33,501201005
47203,2023-04-02 06:40:56,501205008,2023-04-02 06:41:28,501205008
47210,2023-04-02 06:41:59,501205008,2023-04-02 07:00:31,501209019
47244,2023-04-02 06:45:02,501205023,2023-04-02 07:01:33,501201004
47250,2023-04-02 06:45:58,501205029,2023-04-02 06:56:11,501203001
47252,2023-04-02 06:46:04,501205029,2023-04-02 06:56:00,501203001
47258,2023-04-02 06:46:38,501205021,2023-04-02 07:23:28,501201013
47275,2023-04-02 06:48:13,501205006,2023-04-02 06:57:20,501205006
47288,2023-04-02 06:49:34,501205026,2023-04-02 07:01:38,501201019
47309,2023-04-02 06:52:18,501205034,2023-04-02 07:53:54,501205034
47311,2023-04-02 06:52:41,501205012,2023-04-02 06:58:43,501208053
47313,2023-04-02 06:52:57,501205008,2023-04-02 07:02:23,501203117
47334,2023-04-02 06:55:35,501205031,2023-04-02 07:16:34,501205031
47342,2023-04-02 06:56:17,501205039,2023-04-02 07:02:42,501201017
47392,2023-04-02 07:01:23,501205001,2023-04-02 07:19:30,501205001
47411,2023-04-02 07:02:52,501205014,2023-04-02 07:12:10,501205004
47417,2023-04-02 07:03:20,501205033,2023-04-02 07:38:53,501205033
47424,2023-04-02 07:03:32,501205004,2023-04-02 07:13:30,501205023
47431,2023-04-02 07:03:52,501205014,2023-04-02 07:12:16,501205004
47486,2023-04-02 07:07:21,501205009,2023-04-02 07:12:45,501205014
47488,2023-04-02 07:07:28,501205010,2023-04-02 07:11:56,501205025
47503,2023-04-02 07:08:33,501204013,2023-04-02 07:26:38,501203102
47552,2023-04-02 07:12:25,501205022,2023-04-02 07:45:44,501205022
47558,2023-04-02 07:12:38,501205006,2023-04-02 07:20:51,501205010
47561,2023-04-02 07:12:57,501205001,2023-04-02 07:24:58,501202042
47592,2023-04-02 07:15:36,501204009,2023-04-02 07:44:51,501204009
47626,2023-04-02 07:18:28,501205038,2023-04-02 07:30:28,501201017
47627,2023-04-02 07:18:32,501205039,2023-04-02 07:23:58,501203003
47628,2023-04-02 07:18:38,501204013,2023-04-02 07:40:34,501204013
47652,2023-04-02 07:20:22,501204024,2023-04-02 08:10:38,501204021
47659,2023-04-02 07:20:58,501205025,2023-04-02 07:26:29,501205020
47667,2023-04-02 07:21:33,501205025,2023-04-02 07:26:34,501205020
47675,2023-04-02 07:21:48,501205006,2023-04-02 07:41:28,501205006
47728,2023-04-02 07:25:51,501205010,2023-04-02 07:29:14,501205011
47731,2023-04-02 07:26:03,501205026,2023-04-02 07:32:47,501203001
47744,2023-04-02 07:26:59,501204020,2023-04-02 08:24:59,501204020
47762,2023-04-02 07:28:16,501204011,2023-04-02 07:38:37,501204024
47795,2023-04-02 07:30:10,501204009,2023-04-02 07:56:52,501204009
47806,2023-04-02 07:31:08,501204011,2023-04-02 07:44:28,501209060
47831,2023-04-02 07:33:16,501204022,2023-04-02 07:35:33,501204003
47836,2023-04-02 07:33:41,501205005,2023-04-02 07:39:09,501205025
47842,2023-04-02 07:33:55,501204003,2023-04-02 07:40:15,501204008
47870,2023-04-02 07:35:56,501205025,2023-04-02 07:42:01,501205020
47884,2023-04-02 07:36:25,501205036,2023-04-02 07:53:26,501202053
47892,2023-04-02 07:36:49,501205011,2023-04-02 08:04:23,501209005
47948,2023-04-02 07:40:24,501205023,2023-04-02 07:59:44,501203080
47967,2023-04-02 07:41:15,501204003,2023-04-02 08:29:38,501204003
47972,2023-04-02 07:41:52,501205025,2023-04-02 07:51:31,501202043
48017,2023-04-02 07:44:07,501205025,2023-04-02 07:48:01,501205001
48036,2023-04-02 07:44:45,501205020,2023-04-02 08:00:41,501204024
48054,2023-04-02 07:45:41,501205028,2023-04-02 07:48:09,501205013
48079,2023-04-02 07:46:44,501205008,2023-04-02 07:56:59,501203110
48089,2023-04-02 07:47:32,501204002,2023-04-02 08:44:04,501204003
48095,2023-04-02 07:48:12,501205031,2023-04-02 07:52:48,501205028
48105,2023-04-02 07:48:44,501204023,2023-04-02 07:54:30,501204002
48110,2023-04-02 07:49:23,501204011,2023-04-02 07:57:57,501205022
48127,2023-04-02 07:50:23,501205011,2023-04-02 08:03:56,501205035
48151,2023-04-02 07:51:19,501204017,2023-04-02 08:07:37,501205034
48153,2023-04-02 07:51:31,501205010,2023-04-02 07:56:06,501205025
48187,2023-04-02 07:53:06,501205034,2023-04-02 07:58:54,501205025
48203,2023-04-02 07:54:23,501204009,2023-04-02 08:55:12,501208011
48217,2023-04-02 07:55:08,501204009,2023-04-02 08:55:36,501208011
48220,2023-04-02 07:55:12,501205028,2023-04-02 07:58:30,501205008
48284,2023-04-02 07:59:27,501205015,2023-04-02 08:10:35,501203022
48287,2023-04-02 07:59:34,501205015,2023-04-02 08:10:37,501203022
48303,2023-04-02 08:00:16,501205010,2023-04-02 08:10:40,501205028
48311,2023-04-02 08:00:39,501205010,2023-04-02 08:10:35,501205028
48323,2023-04-02 08:01:17,501205010,2023-04-02 08:10:38,501205028
48334,2023-04-02 08:01:48,501205010,2023-04-02 08:10:48,501205028
48361,2023-04-02 08:02:55,501204015,2023-04-02 08:06:36,501209023
48364,2023-04-02 08:03:11,501205026,2023-04-02 08:28:45,501205037
48367,2023-04-02 08:03:14,501205026,2023-04-02 08:08:40,501201005
48388,2023-04-02 08:04:37,501204012,2023-04-02 08:06:36,501204003
48395,2023-04-02 08:04:58,501205037,2023-04-02 08:50:52,501208062
48402,2023-04-02 08:05:40,501204016,2023-04-02 09:03:33,501209062
48433,2023-04-02 08:07:24,501205039,2023-04-02 08:17:08,501209065
48462,2023-04-02 08:08:29,501205034,2023-04-02 08:16:34,501204012
48466,2023-04-02 08:08:40,501204020,2023-04-02 08:14:20,501209045
48493,2023-04-02 08:10:29,501205006,2023-04-02 08:40:28,501205039
48502,2023-04-02 08:10:49,501205019,2023-04-02 08:33:22,501203013
48506,2023-04-02 08:10:56,501204017,2023-04-02 08:24:43,501205021
48510,2023-04-02 08:11:07,501204012,2023-04-02 08:14:37,501204003
48524,2023-04-02 08:11:31,501204017,2023-04-02 08:26:28,501209045
48527,2023-04-02 08:11:34,501204012,2023-04-02 08:32:36,501204012
48528,2023-04-02 08:11:34,501204012,2023-04-02 08:11:49,501204012
48532,2023-04-02 08:11:39,501205034,2023-04-02 08:23:21,501202035
48539,2023-04-02 08:11:54,501205031,2023-04-02 08:19:26,501201016
48542,2023-04-02 08:12:04,501205034,2023-04-02 08:23:23,501202035
48549,2023-04-02 08:12:20,501204012,2023-04-02 08:20:26,501204020
48552,2023-04-02 08:12:25,501205005,2023-04-02 08:22:51,501205005
48558,2023-04-02 08:12:31,501205012,2023-04-02 08:26:12,501202072
48582,2023-04-02 08:14:05,501204003,2023-04-02 09:06:07,501204016
48594,2023-04-02 08:14:58,501205025,2023-04-02 08:18:22,501205020
48595,2023-04-02 08:14:59,501205025,2023-04-02 08:18:09,501205020
48607,2023-04-02 08:15:30,501204003,2023-04-02 08:24:58,501204003
48610,2023-04-02 08:15:38,501204021,2023-04-02 08:41:08,501208059
48624,2023-04-02 08:16:21,501205035,2023-04-02 08:24:15,501205005
48632,2023-04-02 08:16:49,501205035,2023-04-02 08:24:12,501205005
48684,2023-04-02 08:19:52,501205018,2023-04-02 08:26:04,501205010
48697,2023-04-02 08:20:18,501204024,2023-04-02 09:00:49,501204024
48715,2023-04-02 08:21:03,501204018,2023-04-02 09:25:31,501204018
48727,2023-04-02 08:21:28,501204024,2023-04-02 09:00:53,501204024
48751,2023-04-02 08:22:36,501204014,2023-04-02 08:33:25,501201017
48753,2023-04-02 08:22:38,501205021,2023-04-02 08:53:46,501209075
48755,2023-04-02 08:22:41,501205021,2023-04-02 08:53:35,501209075
48788,2023-04-02 08:23:40,501205008,2023-04-02 08:33:59,501201007
48800,2023-04-02 08:24:03,501205034,2023-04-02 08:26:59,501202050
48814,2023-04-02 08:24:40,501205021,2023-04-02 08:27:35,501205025
48831,2023-04-02 08:25:34,501204023,2023-04-02 08:54:01,501204013
48832,2023-04-02 08:25:36,501205037,2023-04-02 08:33:03,501202043
48864,2023-04-02 08:26:53,501205023,2023-04-02 09:35:18,501207067
48878,2023-04-02 08:27:25,501204024,2023-04-02 08:36:29,501202085
48892,2023-04-02 08:27:58,501205025,2023-04-02 08:45:12,501204021
48910,2023-04-02 08:28:33,501205018,2023-04-02 08:49:50,501202043
48970,2023-04-02 08:31:40,501204013,2023-04-02 09:22:07,501204013
48974,2023-04-02 08:31:55,501205037,2023-04-02 08:37:52,501202043
48995,2023-04-02 08:33:02,501205004,2023-04-02 08:46:06,501205004
48996,2023-04-02 08:33:02,501205023,2023-04-02 08:38:55,501205023
49005,2023-04-02 08:33:18,501205020,2023-04-02 08:46:45,501203002
49011,2023-04-02 08:33:32,501205021,2023-04-02 08:43:46,501201013
49013,2023-04-02 08:33:35,501205005,2023-04-02 08:50:19,501204008
49049,2023-04-02 08:35:18,501205004,2023-04-02 09:42:58,501205038
49055,2023-04-02 08:35:28,501205004,2023-04-02 09:42:56,501205038
49056,2023-04-02 08:35:32,501204009,2023-04-02 08:45:22,501204009
49069,2023-04-02 08:35:53,501204009,2023-04-02 08:45:21,501204009
49077,2023-04-02 08:36:25,501204009,2023-04-02 08:45:23,501204009
49085,2023-04-02 08:36:38,501204009,2023-04-02 09:23:27,501204009
49098,2023-04-02 08:36:59,501205023,2023-04-02 08:50:30,501205035
49120,2023-04-02 08:37:55,501204013,2023-04-02 09:00:07,501204013
49157,2023-04-02 08:39:16,501205036,2023-04-02 08:42:09,501205036
49159,2023-04-02 08:39:19,501205036,2023-04-02 08:42:00,501205036
49160,2023-04-02 08:39:26,501205014,2023-04-02 09:30:32,501205014
49168,2023-04-02 08:39:46,501205005,2023-04-02 09:45:29,501211002
49170,2023-04-02 08:39:54,501205023,2023-04-02 09:08:22,501202020
49175,2023-04-02 08:40:00,501205014,2023-04-02 09:31:14,501205014
49229,2023-04-02 08:42:12,501205003,2023-04-02 08:48:17,501205001
49231,2023-04-02 08:42:17,501205005,2023-04-02 09:45:16,501211002
49245,2023-04-02 08:42:48,501204013,2023-04-02 08:56:18,501204021
49246,2023-04-02 08:42:52,501205028,2023-04-02 08:47:16,501205030
49247,2023-04-02 08:42:52,501205028,2023-04-02 08:47:18,501205030
49256,2023-04-02 08:43:11,501205029,2023-04-02 08:45:19,501205028
49262,2023-04-02 08:43:20,501205035,2023-04-02 09:26:47,501205035
49272,2023-04-02 08:43:50,501205023,2023-04-02 08:58:40,501204012
49278,2023-04-02 08:44:02,501205023,2023-04-02 08:58:50,501204012
49298,2023-04-02 08:44:58,501205010,2023-04-02 09:00:32,501203053
49299,2023-04-02 08:45:04,501205003,2023-04-02 08:45:11,501205003
49346,2023-04-02 08:46:57,501205030,2023-04-02 08:49:16,501205028
49353,2023-04-02 08:47:13,501205019,2023-04-02 08:50:36,501205028
49354,2023-04-02 08:47:18,501205019,2023-04-02 08:51:16,501205018
49365,2023-04-02 08:47:37,501204024,2023-04-02 08:55:22,501205007
49370,2023-04-02 08:47:52,501205010,2023-04-02 08:50:31,501205009
49406,2023-04-02 08:49:15,501205029,2023-04-02 08:55:16,501203053
49413,2023-04-02 08:49:30,501205005,2023-04-02 09:05:21,501201012
49431,2023-04-02 08:50:06,501205039,2023-04-02 08:57:17,501201017
49454,2023-04-02 08:50:57,501205026,2023-04-02 08:59:26,501204014
49463,2023-04-02 08:51:17,501205020,2023-04-02 08:59:25,501205018
49469,2023-04-02 08:51:23,501205009,2023-04-02 09:11:52,501205028
49485,2023-04-02 08:51:50,501205026,2023-04-02 10:36:55,501205026
49500,2023-04-02 08:52:18,501205009,2023-04-02 10:28:19,501207068
49520,2023-04-02 08:53:05,501205039,2023-04-02 09:38:37,501209024
49562,2023-04-02 08:54:47,501205035,2023-04-02 09:02:22,501203003
49578,2023-04-02 08:55:42,501204003,2023-04-02 08:57:14,501204017
49586,2023-04-02 08:56:03,501204013,2023-04-02 09:05:05,501205028
49606,2023-04-02 08:56:39,501205034,2023-04-02 09:31:58,501201030
49619,2023-04-02 08:57:05,501205012,2023-04-02 09:06:10,501205012
49624,2023-04-02 08:57:25,501204023,2023-04-02 09:03:35,501205038
49646,2023-04-02 08:57:57,501205025,2023-04-02 09:00:25,501205010
49663,2023-04-02 08:58:36,501205023,2023-04-02 09:00:28,501205010
49664,2023-04-02 08:58:37,501204020,2023-04-02 12:11:27,501209035
49684,2023-04-02 08:59:33,501204023,2023-04-02 09:05:27,501204017
49695,2023-04-02 08:59:51,501204011,2023-04-02 09:08:25,501204009
90441,2023-04-03 06:00:39,501205010,2023-04-03 06:23:16,501202043
90471,2023-04-03 06:05:14,501205011,2023-04-03 06:27:57,501204020
90475,2023-04-03 06:05:39,501205011,2023-04-03 06:27:15,501204020
90486,2023-04-03 06:07:37,501204003,2023-04-03 06:13:42,501204008
90496,2023-04-03 06:08:34,501205023,2023-04-03 06:12:16,501201020
90501,2023-04-03 06:09:38,501205011,2023-04-03 06:10:33,501205020
90514,2023-04-03 06:11:47,501205020,2023-04-03 06:18:39,501205025
90519,2023-04-03 06:12:15,501204012,2023-04-03 06:18:17,501204016
90541,2023-04-03 06:15:09,501205006,2023-04-03 06:37:06,501202009
90589,2023-04-03 06:20:23,501205010,2023-04-03 06:30:05,501204022
90611,2023-04-03 06:23:12,501205001,2023-04-03 06:26:36,501205007
90625,2023-04-03 06:24:13,501204003,2023-04-03 06:28:54,501204021
90627,2023-04-03 06:24:21,501205031,2023-04-03 06:39:55,501201030
90664,2023-04-03 06:29:39,501204020,2023-04-03 06:57:49,501205011
90671,2023-04-03 06:29:57,501204020,2023-04-03 06:57:46,501205011
90724,2023-04-03 06:35:27,501205025,2023-04-03 06:41:39,501202043
90739,2023-04-03 06:36:41,501204018,2023-04-03 07:11:52,501204018
90772,2023-04-03 06:38:57,501205003,2023-04-03 06:46:44,501205013
90819,2023-04-03 06:45:43,501205004,2023-04-03 06:58:10,501205021
90826,2023-04-03 06:46:40,501204008,2023-04-03 07:09:57,501202055
90842,2023-04-03 06:48:00,501205031,2023-04-03 06:53:07,501205013
90848,2023-04-03 06:48:36,501205026,2023-04-03 07:04:23,501201019
90850,2023-04-03 06:48:42,501205031,2023-04-03 07:03:12,501203005
90871,2023-04-03 06:50:44,501205028,2023-04-03 07:00:01,501202043
90890,2023-04-03 06:52:04,501205010,2023-04-03 06:55:20,501205009
90898,2023-04-03 06:52:36,501205023,2023-04-03 07:02:22,501201005
90910,2023-04-03 06:53:45,501204020,2023-04-03 07:27:51,501208086
90955,2023-04-03 06:56:00,501205019,2023-04-03 07:37:56,501203052
90957,2023-04-03 06:56:07,501205012,2023-04-03 07:03:43,501208053
90972,2023-04-03 06:57:24,501204011,2023-04-03 08:44:53,501209030
90981,2023-04-03 06:58:10,501205005,2023-04-03 07:04:39,501205008
90987,2023-04-03 06:58:18,501205033,2023-04-03 07:21:56,501205033
90990,2023-04-03 06:58:29,501205005,2023-04-03 07:05:37,501205008
90999,2023-04-03 06:59:08,501205021,2023-04-03 07:08:33,501201013
91007,2023-04-03 06:59:22,501205026,2023-04-03 07:06:53,501201006
91032,2023-04-03 07:01:04,501205012,2023-04-03 07:23:15,501209026
91095,2023-04-03 07:05:18,501205008,2023-04-03 08:54:57,501205005
91099,2023-04-03 07:05:37,501205031,2023-04-03 08:08:08,501204007
91111,2023-04-03 07:06:08,501205008,2023-04-03 08:26:03,501209078
91146,2023-04-03 07:09:19,501204002,2023-04-03 09:14:55,501204007
91158,2023-04-03 07:10:15,501205025,2023-04-03 07:14:11,501202080
91212,2023-04-03 07:13:39,501205008,2023-04-03 07:47:42,501205004
91215,2023-04-03 07:13:51,501205034,2023-04-03 08:50:35,501205034
91239,2023-04-03 07:15:16,501205031,2023-04-03 07:31:37,501205038
91269,2023-04-03 07:16:43,501204009,2023-04-03 07:40:47,501204009
91270,2023-04-03 07:16:43,501204009,2023-04-03 07:40:35,501204009
91277,2023-04-03 07:17:19,501205014,2023-04-03 07:23:03,501205009
91294,2023-04-03 07:18:39,501205025,2023-04-03 07:25:01,501205020
91301,2023-04-03 07:19:20,501204018,2023-04-03 07:51:19,501204020
91303,2023-04-03 07:19:22,501204011,2023-04-03 07:37:49,501209069
91305,2023-04-03 07:19:25,501204011,2023-04-03 07:37:15,501209069
91310,2023-04-03 07:19:47,501205039,2023-04-03 08:00:18,501205039
91397,2023-04-03 07:24:47,501205025,2023-04-03 07:28:16,501205020
91400,2023-04-03 07:24:51,501204007,2023-04-03 07:52:26,501203111
91408,2023-04-03 07:25:16,501205025,2023-04-03 07:28:28,501205020
91422,2023-04-03 07:25:50,501204023,2023-04-03 07:36:01,501205008
91466,2023-04-03 07:29:10,501205020,2023-04-03 07:54:25,501208049
91482,2023-04-03 07:30:08,501205028,2023-04-03 07:32:22,501205013
91487,2023-04-03 07:30:30,501204013,2023-04-03 07:57:53,501204013
91494,2023-04-03 07:30:47,501205006,2023-04-03 07:38:36,501205037
91525,2023-04-03 07:32:25,501205029,2023-04-03 07:40:12,501205029
91544,2023-04-03 07:33:47,501205012,2023-04-03 07:40:22,501202078
91548,2023-04-03 07:33:55,501204014,2023-04-03 07:41:40,501204020
91553,2023-04-03 07:34:19,501204008,2023-04-03 08:30:14,501206048
91555,2023-04-03 07:34:24,501205023,2023-04-03 08:47:58,501205023
91558,2023-04-03 07:34:30,501205018,2023-04-03 07:36:52,501205021
91560,2023-04-03 07:34:35,501205023,2023-04-03 08:25:35,501201011
91574,2023-04-03 07:35:07,501204013,2023-04-03 07:48:20,501205001
91587,2023-04-03 07:35:56,501205003,2023-04-03 08:33:54,501201002
91632,2023-04-03 07:38:28,501205028,2023-04-03 07:41:29,501205013
91635,2023-04-03 07:38:33,501205026,2023-04-03 08:08:34,501205037
91648,2023-04-03 07:39:15,501205012,2023-04-03 07:46:02,501205020
91650,2023-04-03 07:39:17,501205021,2023-04-03 07:59:05,501208111
91661,2023-04-03 07:39:52,501205007,2023-04-03 08:00:17,501207093
91668,2023-04-03 07:40:17,501204003,2023-04-03 07:49:46,501204008
91712,2023-04-03 07:42:21,501205025,2023-04-03 07:48:55,501205001
91760,2023-04-03 07:44:53,501205013,2023-04-03 08:01:54,501201002
91762,2023-04-03 07:44:59,501205013,2023-04-03 08:01:54,501201002
91765,2023-04-03 07:45:24,501204024,2023-04-03 08:17:29,501204017
91770,2023-04-03 07:45:29,501204024,2023-04-03 08:17:34,501204017
91775,2023-04-03 07:45:34,501205013,2023-04-03 08:02:04,501201002
91804,2023-04-03 07:46:28,501205007,2023-04-03 07:48:47,501205021
91814,2023-04-03 07:46:45,501205005,2023-04-03 07:53:08,501201015
91828,2023-04-03 07:47:52,501205005,2023-04-03 07:56:58,501201030
91829,2023-04-03 07:47:53,501205013,2023-04-03 08:01:58,501201002
91844,2023-04-03 07:48:15,501204016,2023-04-03 08:04:47,501204012
91850,2023-04-03 07:48:30,501205021,2023-04-03 08:00:31,501203012
91856,2023-04-03 07:48:57,501205008,2023-04-03 08:28:09,501203064
91857,2023-04-03 07:49:01,501205008,2023-04-03 08:28:23,501203064
91885,2023-04-03 07:50:15,501205003,2023-04-03 08:01:03,501201016
91888,2023-04-03 07:50:19,501205003,2023-04-03 08:01:02,501201016
91904,2023-04-03 07:51:02,501205010,2023-04-03 07:54:20,501205025
91931,2023-04-03 07:52:02,501205014,2023-04-03 07:58:53,501205009
91945,2023-04-03 07:52:40,501205012,2023-04-03 09:35:13,501205012
91972,2023-04-03 07:54:06,501205013,2023-04-03 08:02:07,501201002
91983,2023-04-03 07:54:41,501204023,2023-04-03 08:06:56,501201005
91984,2023-04-03 07:54:48,501205019,2023-04-03 08:12:15,501205027
91992,2023-04-03 07:55:13,501205034,2023-04-03 08:01:09,501205025
92001,2023-04-03 07:55:33,501205030,2023-04-03 07:59:15,501205028
92024,2023-04-03 07:56:38,501204018,2023-04-03 09:06:22,501204018
92057,2023-04-03 07:58:19,501205023,2023-04-03 09:40:50,501205037
92066,2023-04-03 07:58:55,501205012,2023-04-03 08:09:04,501208053
92068,2023-04-03 07:59:02,501205009,2023-04-03 08:21:34,501209024
92074,2023-04-03 07:59:17,501205012,2023-04-03 08:08:46,501208053
92152,2023-04-03 08:03:05,501204023,2023-04-03 08:14:05,501203002
92167,2023-04-03 08:03:47,501204007,2023-04-03 08:43:45,501204014
92169,2023-04-03 08:03:50,501204007,2023-04-03 08:55:21,501202088
92198,2023-04-03 08:05:08,501205025,2023-04-03 08:56:25,501202040
92217,2023-04-03 08:05:56,501205007,2023-04-03 08:08:21,501201002
92221,2023-04-03 08:06:03,501204012,2023-04-03 09:12:22,501204016
92222,2023-04-03 08:06:07,501205008,2023-04-03 08:08:36,501205013
92234,2023-04-03 08:06:38,501205019,2023-04-03 08:48:30,501205019
92236,2023-04-03 08:06:42,501205023,2023-04-03 08:12:14,501202036
92259,2023-04-03 08:07:39,501204013,2023-04-03 08:13:46,501204024
92262,2023-04-03 08:07:48,501204013,2023-04-03 08:14:02,501204024
92271,2023-04-03 08:08:06,501205015,2023-04-03 08:13:22,501203142
92282,2023-04-03 08:08:38,501205019,2023-04-03 08:20:21,501204012
92293,2023-04-03 08:09:36,501204002,2023-04-03 13:49:37,501211002
92294,2023-04-03 08:09:40,501205018,2023-04-03 08:19:34,501203003
92296,2023-04-03 08:09:46,501205037,2023-04-03 08:18:27,501202043
92306,2023-04-03 08:10:13,501204002,2023-04-03 13:49:27,501211002
92307,2023-04-03 08:10:14,501205021,2023-04-03 08:15:04,501205007
92353,2023-04-03 08:11:55,501205006,2023-04-03 08:21:09,501203092
92355,2023-04-03 08:12:02,501205028,2023-04-03 08:38:33,501209043
92361,2023-04-03 08:12:05,501205006,2023-04-03 08:20:59,501203092
92405,2023-04-03 08:14:07,501204012,2023-04-03 10:49:10,501208030
92406,2023-04-03 08:14:08,501205025,2023-04-03 08:18:52,501205020
92411,2023-04-03 08:14:12,501204012,2023-04-03 10:49:57,501208030
92417,2023-04-03 08:14:22,501205009,2023-04-03 08:23:24,501208018
92421,2023-04-03 08:14:28,501205010,2023-04-03 08:52:37,501209042
92510,2023-04-03 08:18:41,501204017,2023-04-03 08:49:07,501202084
92512,2023-04-03 08:18:44,501204017,2023-04-03 08:49:01,501202084
92518,2023-04-03 08:18:54,501204017,2023-04-03 08:49:02,501202084
92611,2023-04-03 08:23:43,501205031,2023-04-03 08:31:21,501205018
92612,2023-04-03 08:23:45,501205031,2023-04-03 08:31:38,501205018
92618,2023-04-03 08:24:02,501204011,2023-04-03 08:26:57,501204024
92661,2023-04-03 08:25:47,501205025,2023-04-03 08:34:01,501201024
92668,2023-04-03 08:26:01,501205025,2023-04-03 08:26:08,501205025
92683,2023-04-03 08:26:42,501205009,2023-04-03 08:42:12,501208016
92686,2023-04-03 08:27:03,501205025,2023-04-03 08:34:08,501201024
92725,2023-04-03 08:28:52,501205034,2023-04-03 08:37:30,501201002
92729,2023-04-03 08:29:01,501205034,2023-04-03 08:40:55,501205006
92734,2023-04-03 08:29:11,501205034,2023-04-03 08:40:59,501205006
92740,2023-04-03 08:29:28,501205022,2023-04-03 08:36:36,501204013
92748,2023-04-03 08:29:52,501204013,2023-04-03 08:40:57,501205001
92753,2023-04-03 08:30:04,501205021,2023-04-03 08:37:31,501201022
92755,2023-04-03 08:30:05,501204016,2023-04-03 09:17:47,501203017
92774,2023-04-03 08:31:02,501205012,2023-04-03 08:33:51,501201015
92795,2023-04-03 08:31:48,501205021,2023-04-03 08:34:47,501201002
92840,2023-04-03 08:33:55,501204021,2023-04-03 08:56:16,501202054
92846,2023-04-03 08:34:29,501204022,2023-04-03 08:53:13,501204021
92856,2023-04-03 08:34:56,501204003,2023-04-03 08:43:56,501204013
92858,2023-04-03 08:34:59,501205018,2023-04-03 08:41:08,501205010
92883,2023-04-03 08:36:12,501204016,2023-04-03 08:40:16,501204015
92910,2023-04-03 08:37:52,501204003,2023-04-03 09:08:49,501204008
92914,2023-04-03 08:38:03,501205022,2023-04-03 08:50:42,501203001
92942,2023-04-03 08:38:47,501205029,2023-04-03 09:11:54,501205008
92944,2023-04-03 08:38:53,501204022,2023-04-03 08:42:07,501204003
92955,2023-04-03 08:39:25,501204021,2023-04-03 08:45:05,501202082
92956,2023-04-03 08:39:25,501204022,2023-04-03 08:41:50,501204003
92964,2023-04-03 08:39:40,501205034,2023-04-03 08:45:12,501202043
92988,2023-04-03 08:40:38,501205008,2023-04-03 08:54:23,501205007
93005,2023-04-03 08:41:18,501205006,2023-04-03 09:03:11,501204013
93007,2023-04-03 08:41:21,501205006,2023-04-03 09:03:13,501204013
93054,2023-04-03 08:43:04,501205010,2023-04-03 09:23:05,501202051
93067,2023-04-03 08:43:34,501204011,2023-04-03 08:49:13,501209023
93093,2023-04-03 08:44:39,501205037,2023-04-03 08:55:58,501201013
93097,2023-04-03 08:44:46,501205029,2023-04-03 09:06:46,501205029
93106,2023-04-03 08:45:06,501204014,2023-04-03 08:55:18,501202088
93113,2023-04-03 08:45:18,501205004,2023-04-03 09:27:44,501207093
93116,2023-04-03 08:45:25,501205004,2023-04-03 09:27:48,501207093
93129,2023-04-03 08:45:45,501205004,2023-04-03 09:27:57,501207093
93132,2023-04-03 08:45:56,501204020,2023-04-03 09:14:09,501209023
93140,2023-04-03 08:46:12,501204003,2023-04-03 09:58:58,501202050
93143,2023-04-03 08:46:15,501204020,2023-04-03 09:13:46,501209023
93147,2023-04-03 08:46:20,501204003,2023-04-03 09:12:15,501209032
93148,2023-04-03 08:46:24,501204013,2023-04-03 09:04:37,501204021
93154,2023-04-03 08:46:40,501204003,2023-04-03 09:58:24,501202050
93155,2023-04-03 08:46:41,501204003,2023-04-03 09:01:38,501204018
93216,2023-04-03 08:48:58,501205021,2023-04-03 08:53:27,501201002
93254,2023-04-03 08:50:41,501205033,2023-04-03 09:05:57,501203111
93255,2023-04-03 08:50:42,501205033,2023-04-03 09:05:50,501203111
93267,2023-04-03 08:51:11,501204021,2023-04-03 10:24:11,501204021
93272,2023-04-03 08:51:15,501205028,2023-04-03 09:03:00,501205038
93273,2023-04-03 08:51:16,501204021,2023-04-03 10:23:58,501204021
93277,2023-04-03 08:51:27,501205031,2023-04-03 08:58:55,501203006
93342,2023-04-03 08:53:46,501205037,2023-04-03 08:59:13,501202043
93352,2023-04-03 08:54:24,501205031,2023-04-03 08:58:10,501204014
93385,2023-04-03 08:55:29,501205009,2023-04-03 08:57:09,501205012
93387,2023-04-03 08:55:31,501205021,2023-04-03 09:31:10,501202035
93407,2023-04-03 08:56:14,501205039,2023-04-03 10:07:57,501202040
93409,2023-04-03 08:56:19,501205014,2023-04-03 09:56:55,501205014
93422,2023-04-03 08:56:42,501205009,2023-04-03 09:10:24,501209065
93431,2023-04-03 08:56:57,501204011,2023-04-03 09:01:50,501204024
93436,2023-04-03 08:57:04,501205009,2023-04-03 09:01:24,501205021
93463,2023-04-03 08:57:54,501205039,2023-04-03 09:30:50,501201002
93488,2023-04-03 08:59:15,501205006,2023-04-03 09:02:41,501201017
136042,2023-04-04 06:03:36,501204020,2023-04-04 06:20:59,501203065
136057,2023-04-04 06:05:49,501205025,2023-04-04 06:08:47,501201020
136074,2023-04-04 06:11:32,501204007,2023-04-04 06:23:27,501209065
136081,2023-04-04 06:11:59,501205013,2023-04-04 07:25:24,501205013
136089,2023-04-04 06:12:44,501205022,2023-04-04 06:24:22,501203003
136090,2023-04-04 06:13:07,501205011,2023-04-04 06:18:18,501205025
136115,2023-04-04 06:16:05,501205006,2023-04-04 06:20:09,501201003
136122,2023-04-04 06:16:28,501205037,2023-04-04 06:22:26,501202043
136182,2023-04-04 06:23:40,501205015,2023-04-04 06:28:59,501203003
136190,2023-04-04 06:24:52,501204003,2023-04-04 06:28:52,501204021
136212,2023-04-04 06:26:36,501205007,2023-04-04 06:34:08,501203013
136240,2023-04-04 06:28:05,501204003,2023-04-04 06:31:33,501204021
136303,2023-04-04 06:35:22,501205011,2023-04-04 06:47:09,501205003
136304,2023-04-04 06:35:26,501205025,2023-04-04 06:43:20,501202043
136319,2023-04-04 06:38:06,501205007,2023-04-04 07:08:18,501205007
136325,2023-04-04 06:38:27,501204009,2023-04-04 06:49:19,501203121
136342,2023-04-04 06:40:41,501205006,2023-04-04 07:06:30,501205006
136362,2023-04-04 06:42:57,501205022,2023-04-04 07:40:19,501205022
136380,2023-04-04 06:44:59,501204007,2023-04-04 07:22:44,501205021
136413,2023-04-04 06:48:46,501204009,2023-04-04 08:22:04,501204009
136428,2023-04-04 06:49:57,501205023,2023-04-04 07:14:05,501201029
136446,2023-04-04 06:51:53,501204009,2023-04-04 08:22:19,501204009
136456,2023-04-04 06:52:52,501205039,2023-04-04 07:33:08,501205039
136457,2023-04-04 06:52:58,501204007,2023-04-04 07:53:24,501201011
136524,2023-04-04 06:59:27,501205011,2023-04-04 07:13:19,501205038
136526,2023-04-04 06:59:32,501205021,2023-04-04 07:14:07,501203048
136547,2023-04-04 07:00:17,501205022,2023-04-04 07:38:29,501205022
136600,2023-04-04 07:04:07,501205025,2023-04-04 07:21:27,501205025
136602,2023-04-04 07:04:12,501205025,2023-04-04 07:09:29,501201003
136626,2023-04-04 07:06:01,501204023,2023-04-04 07:49:19,501204023
136820,2023-04-04 07:20:13,501205005,2023-04-04 07:25:38,501201015
136828,2023-04-04 07:20:30,501204014,2023-04-04 07:47:38,501202081
136847,2023-04-04 07:21:30,501204016,2023-04-04 08:35:29,501204016
136851,2023-04-04 07:21:50,501205014,2023-04-04 07:52:51,501205014
136892,2023-04-04 07:24:08,501205031,2023-04-04 07:44:24,501202001
136927,2023-04-04 07:26:29,501205039,2023-04-04 07:32:58,501203013
136932,2023-04-04 07:26:45,501205006,2023-04-04 07:32:19,501203003
136949,2023-04-04 07:28:23,501204011,2023-04-04 07:35:01,501209023
136955,2023-04-04 07:28:54,501205031,2023-04-04 07:48:47,501205031
136969,2023-04-04 07:29:46,501205010,2023-04-04 07:51:32,501205010
136975,2023-04-04 07:30:12,501204002,2023-04-04 07:48:28,501204002
136992,2023-04-04 07:31:14,501205010,2023-04-04 07:33:21,501205025
136995,2023-04-04 07:31:18,501205028,2023-04-04 07:42:23,501205019
137003,2023-04-04 07:31:36,501205026,2023-04-04 07:55:58,501202043
137020,2023-04-04 07:32:18,501205034,2023-04-04 08:45:02,501205034
137052,2023-04-04 07:33:50,501204013,2023-04-04 07:44:39,501205021
137069,2023-04-04 07:34:51,501204014,2023-04-04 07:41:25,501204020
137104,2023-04-04 07:36:51,501205007,2023-04-04 07:58:57,501207093
137119,2023-04-04 07:37:36,501204011,2023-04-04 07:50:58,501209085
137136,2023-04-04 07:38:19,501204009,2023-04-04 07:51:52,501205025
137150,2023-04-04 07:39:11,501205014,2023-04-04 07:45:34,501205025
137159,2023-04-04 07:39:40,501205018,2023-04-04 08:33:06,501205018
137172,2023-04-04 07:40:17,501205004,2023-04-04 08:08:44,501201004
137173,2023-04-04 07:40:18,501204024,2023-04-04 07:48:23,501202085
137175,2023-04-04 07:40:24,501205014,2023-04-04 07:45:03,501205021
137177,2023-04-04 07:40:27,501204024,2023-04-04 07:48:19,501202085
137181,2023-04-04 07:40:34,501204003,2023-04-04 07:43:44,501204018
137211,2023-04-04 07:42:05,501205031,2023-04-04 08:01:31,501202077
137224,2023-04-04 07:42:43,501204011,2023-04-04 07:48:04,501204024
137226,2023-04-04 07:42:57,501205034,2023-04-04 07:48:46,501205025
137266,2023-04-04 07:45:29,501204020,2023-04-04 08:34:50,501202088
137294,2023-04-04 07:47:09,501205001,2023-04-04 08:03:18,501201026
137301,2023-04-04 07:47:50,501205018,2023-04-04 07:50:32,501205008
137320,2023-04-04 07:49:04,501204007,2023-04-04 08:33:45,501203111
137322,2023-04-04 07:49:10,501204004,2023-04-04 09:23:46,501208046
137359,2023-04-04 07:51:09,501205023,2023-04-04 07:59:00,501205009
137391,2023-04-04 07:52:51,501204016,2023-04-04 08:25:59,501204016
137417,2023-04-04 07:55:06,501205039,2023-04-04 07:59:21,501201005
137431,2023-04-04 07:56:00,501205010,2023-04-04 07:58:42,501205025
137472,2023-04-04 07:57:57,501205012,2023-04-04 08:03:34,501208053
137476,2023-04-04 07:58:04,501205031,2023-04-04 08:26:57,501205031
137488,2023-04-04 07:58:56,501205008,2023-04-04 08:47:42,501202082
137489,2023-04-04 07:59:02,501204016,2023-04-04 08:19:22,501204016
137492,2023-04-04 07:59:17,501204015,2023-04-04 08:31:15,501204014
137499,2023-04-04 07:59:44,501205021,2023-04-04 08:30:10,501205021
137503,2023-04-04 07:59:57,501205004,2023-04-04 08:09:34,501205021
137521,2023-04-04 08:01:01,501205021,2023-04-04 08:17:20,501203114
137553,2023-04-04 08:02:44,501205014,2023-04-04 08:16:42,501205025
137554,2023-04-04 08:03:00,501204016,2023-04-04 08:54:49,501202050
137557,2023-04-04 08:03:04,501204016,2023-04-04 08:56:53,501202082
137568,2023-04-04 08:03:51,501205018,2023-04-04 08:16:06,501202043
137570,2023-04-04 08:03:56,501204023,2023-04-04 08:14:19,501203002
137641,2023-04-04 08:07:51,501204012,2023-04-04 08:10:05,501204003
137662,2023-04-04 08:08:52,501204012,2023-04-04 08:11:26,501204020
137675,2023-04-04 08:09:36,501204011,2023-04-04 08:51:22,501203035
137702,2023-04-04 08:10:52,501205025,2023-04-04 08:17:37,501201024
137711,2023-04-04 08:11:10,501205025,2023-04-04 08:17:36,501201024
137712,2023-04-04 08:11:23,501204018,2023-04-04 09:13:39,501204018
137720,2023-04-04 08:12:07,501205010,2023-04-04 08:20:02,501205037
137732,2023-04-04 08:12:57,501205039,2023-04-04 08:27:48,501205039
137739,2023-04-04 08:13:08,501204011,2023-04-04 08:20:01,501204015
137761,2023-04-04 08:14:07,501204003,2023-04-04 08:22:28,501204003
137822,2023-04-04 08:16:40,501205028,2023-04-04 09:18:56,501205028
137824,2023-04-04 08:16:43,501205028,2023-04-04 09:19:04,501205028
137841,2023-04-04 08:17:42,501204024,2023-04-04 08:26:25,501204014
137843,2023-04-04 08:17:47,501204024,2023-04-04 08:26:28,501204014
137855,2023-04-04 08:18:32,501204024,2023-04-04 08:26:35,501204014
137883,2023-04-04 08:20:14,501205018,2023-04-04 08:40:49,501205028
137885,2023-04-04 08:20:19,501205008,2023-04-04 09:16:31,501205008
137914,2023-04-04 08:21:44,501204023,2023-04-04 08:38:30,501203001
137949,2023-04-04 08:23:13,501205013,2023-04-04 08:29:44,501205021
137964,2023-04-04 08:23:51,501204014,2023-04-04 08:32:12,501204021
137972,2023-04-04 08:24:08,501205012,2023-04-04 08:26:34,501201015
138024,2023-04-04 08:26:11,501205007,2023-04-04 08:52:54,501205007
138029,2023-04-04 08:26:25,501204024,2023-04-04 08:30:32,501204023
138038,2023-04-04 08:26:57,501205008,2023-04-04 08:44:20,501202034
138042,2023-04-04 08:27:00,501205008,2023-04-04 08:44:10,501202034
138043,2023-04-04 08:27:12,501204021,2023-04-04 08:49:24,501204021
138044,2023-04-04 08:27:14,501205018,2023-04-04 08:33:24,501205013
138057,2023-04-04 08:27:41,501204009,2023-04-04 08:48:49,501209016
138083,2023-04-04 08:28:51,501205012,2023-04-04 09:27:01,501205012
138099,2023-04-04 08:29:44,501205025,2023-04-04 08:40:12,501205012
138143,2023-04-04 08:32:18,501205018,2023-04-04 08:43:07,501205018
138158,2023-04-04 08:32:53,501205007,2023-04-04 08:43:52,501204021
138189,2023-04-04 08:34:24,501204020,2023-04-04 08:45:01,501204020
138190,2023-04-04 08:34:26,501204023,2023-04-04 08:59:05,501203053
138197,2023-04-04 08:34:42,501204023,2023-04-04 08:58:46,501203053
138199,2023-04-04 08:34:44,501205018,2023-04-04 08:41:11,501205010
138226,2023-04-04 08:35:51,501205013,2023-04-04 08:44:24,501205026
138238,2023-04-04 08:36:13,501205025,2023-04-04 09:41:16,501209028
138244,2023-04-04 08:36:30,501205018,2023-04-04 09:17:07,501205014
138251,2023-04-04 08:36:46,501205031,2023-04-04 11:39:27,501205031
138252,2023-04-04 08:36:54,501205018,2023-04-04 08:49:27,501205014
138305,2023-04-04 08:39:01,501205009,2023-04-04 08:43:51,501205021
138323,2023-04-04 08:39:41,501204009,2023-04-04 08:52:59,501205007
138326,2023-04-04 08:39:46,501205012,2023-04-04 09:04:35,501202009
138359,2023-04-04 08:40:55,501205015,2023-04-04 08:46:40,501203003
138393,2023-04-04 08:42:30,501205015,2023-04-04 08:46:42,501203003
138436,2023-04-04 08:44:21,501205039,2023-04-04 09:03:36,501205011
138438,2023-04-04 08:44:29,501205039,2023-04-04 08:57:48,501204017
138443,2023-04-04 08:44:51,501205033,2023-04-04 09:45:26,501204023
138447,2023-04-04 08:44:52,501205033,2023-04-04 09:45:47,501204023
138461,2023-04-04 08:45:15,501205023,2023-04-04 08:57:34,501205006
138462,2023-04-04 08:45:16,501205034,2023-04-04 08:58:30,501201002
138473,2023-04-04 08:45:38,501205034,2023-04-04 08:58:24,501201002
138474,2023-04-04 08:45:43,501205033,2023-04-04 09:45:36,501204023
138478,2023-04-04 08:45:52,501205033,2023-04-04 09:45:31,501204023
138510,2023-04-04 08:47:04,501205012,2023-04-04 09:29:52,501209023
138512,2023-04-04 08:47:10,501204011,2023-04-04 08:54:17,501204003
138519,2023-04-04 08:47:20,501205039,2023-04-04 10:21:07,501204020
138522,2023-04-04 08:47:33,501204003,2023-04-04 08:55:33,501204013
138562,2023-04-04 08:48:48,501205012,2023-04-04 09:30:06,501209023
138568,2023-04-04 08:49:03,501204016,2023-04-04 09:02:00,501204008
138570,2023-04-04 08:49:04,501204003,2023-04-04 08:57:54,501204009
138591,2023-04-04 08:50:21,501205023,2023-04-04 09:34:25,501209028
138644,2023-04-04 08:52:00,501205006,2023-04-04 09:05:20,501205010
138649,2023-04-04 08:52:13,501205021,2023-04-04 09:25:09,501205021
138672,2023-04-04 08:53:18,501205028,2023-04-04 09:00:42,501205031
138676,2023-04-04 08:53:25,501205007,2023-04-04 09:06:56,501202055
138689,2023-04-04 08:53:58,501205009,2023-04-04 09:09:15,501205010
138698,2023-04-04 08:54:12,501205029,2023-04-04 09:21:00,501202047
138703,2023-04-04 08:54:25,501205028,2023-04-04 09:00:46,501205031
138712,2023-04-04 08:54:57,501204013,2023-04-04 09:09:16,501204023
138719,2023-04-04 08:55:10,501205026,2023-04-04 09:01:36,501205034
138741,2023-04-04 08:56:08,501205021,2023-04-04 09:08:33,501203012
138811,2023-04-04 08:58:18,501205028,2023-04-04 09:06:34,501203084
138815,2023-04-04 08:58:33,501204024,2023-04-04 09:45:25,501204024
138819,2023-04-04 08:58:42,501205007,2023-04-04 08:58:59,501205007
138837,2023-04-04 08:59:10,501205020,2023-04-04 09:34:34,501212018
178391,2023-04-05 06:00:27,501204020,2023-04-05 06:18:31,501203065
178405,2023-04-05 06:04:05,501205018,2023-04-05 06:20:41,501205018
178406,2023-04-05 06:04:11,501205038,2023-04-05 06:10:30,501203013
178409,2023-04-05 06:04:58,501205015,2023-04-05 07:50:42,501203002
178419,2023-04-05 06:06:44,501204008,2023-04-05 07:21:17,501204008
178421,2023-04-05 06:06:56,501204008,2023-04-05 07:21:19,501204008
178425,2023-04-05 06:08:00,501204008,2023-04-05 07:21:07,501204008
178434,2023-04-05 06:09:08,501204004,2023-04-05 06:44:13,501209024
178445,2023-04-05 06:11:20,501205011,2023-04-05 06:17:16,501205023
178463,2023-04-05 06:15:17,501205012,2023-04-05 06:27:33,501208089
178468,2023-04-05 06:16:29,501205009,2023-04-05 06:24:24,501208011
178502,2023-04-05 06:20:34,501205001,2023-04-05 06:39:42,501203048
178523,2023-04-05 06:23:58,501204003,2023-04-05 06:28:40,501204021
178553,2023-04-05 06:28:53,501205004,2023-04-05 06:37:41,501201015
178567,2023-04-05 06:30:26,501205008,2023-04-05 06:41:45,501203003
178573,2023-04-05 06:31:11,501205014,2023-04-05 06:47:15,501203003
178574,2023-04-05 06:31:12,501205014,2023-04-05 06:47:15,501203003
178598,2023-04-05 06:34:45,501204009,2023-04-05 08:02:06,501204009
178604,2023-04-05 06:35:04,501204009,2023-04-05 08:02:18,501204009
178638,2023-04-05 06:39:04,501205005,2023-04-05 06:56:26,501205025
178663,2023-04-05 06:42:46,501205026,2023-04-05 07:03:32,501205037
178684,2023-04-05 06:44:30,501204004,2023-04-05 07:20:26,501208018
178723,2023-04-05 06:49:23,501205031,2023-04-05 07:11:14,501209051
178732,2023-04-05 06:50:31,501205012,2023-04-05 06:56:05,501208053
178736,2023-04-05 06:50:53,501205023,2023-04-05 07:04:40,501208011
178738,2023-04-05 06:51:11,501205031,2023-04-05 07:06:24,501203054
178746,2023-04-05 06:51:39,501205001,2023-04-05 06:52:23,501205001
178755,2023-04-05 06:52:21,501205001,2023-04-05 08:03:54,501201015
178769,2023-04-05 06:53:14,501205001,2023-04-05 07:01:05,501205001
178771,2023-04-05 06:53:23,501205023,2023-04-05 06:57:11,501205011
178777,2023-04-05 06:53:40,501204021,2023-04-05 08:32:09,501204022
178779,2023-04-05 06:53:56,501205026,2023-04-05 07:01:25,501203117
178787,2023-04-05 06:54:55,501205028,2023-04-05 07:00:26,501203085
178793,2023-04-05 06:55:17,501205012,2023-04-05 07:01:48,501202082
178797,2023-04-05 06:55:56,501205006,2023-04-05 07:13:27,501202066
178838,2023-04-05 07:00:35,501205023,2023-04-05 07:13:36,501201005
178854,2023-04-05 07:02:02,501205026,2023-04-05 07:09:26,501201005
178876,2023-04-05 07:04:00,501205037,2023-04-05 07:11:58,501202043
178892,2023-04-05 07:05:40,501204007,2023-04-05 08:21:04,501201009
178926,2023-04-05 07:08:11,501204020,2023-04-05 07:23:43,501204008
178953,2023-04-05 07:10:16,501205031,2023-04-05 07:26:48,501203085
178958,2023-04-05 07:10:43,501204007,2023-04-05 08:20:37,501204007
178988,2023-04-05 07:13:29,501205006,2023-04-05 07:37:02,501205006
178996,2023-04-05 07:14:04,501205018,2023-04-05 07:35:26,501203002
178997,2023-04-05 07:14:08,501205034,2023-04-05 11:22:51,501205034
179005,2023-04-05 07:14:41,501204009,2023-04-05 08:32:25,501204009
179007,2023-04-05 07:14:52,501204004,2023-04-05 08:28:40,501204016
179029,2023-04-05 07:16:46,501204011,2023-04-05 07:23:46,501204024
179039,2023-04-05 07:18:01,501204009,2023-04-05 08:33:13,501204009
179048,2023-04-05 07:18:49,501204009,2023-04-05 07:37:09,501204009
179067,2023-04-05 07:20:02,501204009,2023-04-05 07:55:41,501204009
179072,2023-04-05 07:20:34,501204013,2023-04-05 08:09:20,501202083
179094,2023-04-05 07:22:38,501204017,2023-04-05 07:45:00,501208033
179110,2023-04-05 07:24:12,501204008,2023-04-05 08:24:45,501209035
179120,2023-04-05 07:25:11,501205014,2023-04-05 07:30:56,501204017
179124,2023-04-05 07:25:39,501205014,2023-04-05 07:51:42,501205023
179128,2023-04-05 07:25:52,501204011,2023-04-05 07:31:13,501209023
179130,2023-04-05 07:26:11,501204011,2023-04-05 07:31:32,501209023
179134,2023-04-05 07:26:29,501205014,2023-04-05 07:51:38,501205023
179138,2023-04-05 07:26:53,501204021,2023-04-05 07:57:01,501209066
179170,2023-04-05 07:29:31,501205008,2023-04-05 07:39:09,501209067
179177,2023-04-05 07:30:08,501205028,2023-04-05 07:32:26,501205013
179192,2023-04-05 07:31:04,501205013,2023-04-05 07:56:07,501205029
179194,2023-04-05 07:31:35,501205001,2023-04-05 07:58:28,501208032
179214,2023-04-05 07:32:35,501205015,2023-04-05 08:28:01,501205015
179215,2023-04-05 07:32:35,501205010,2023-04-05 07:36:21,501205025
179237,2023-04-05 07:34:00,501204002,2023-04-05 08:13:09,501212018
179252,2023-04-05 07:35:25,501204014,2023-04-05 07:41:21,501204020
179260,2023-04-05 07:36:17,501204002,2023-04-05 07:49:18,501209069
179266,2023-04-05 07:36:50,501204011,2023-04-05 08:50:56,501204011
179271,2023-04-05 07:37:21,501205015,2023-04-05 07:46:56,501201017
179274,2023-04-05 07:37:32,501204011,2023-04-05 08:50:23,501204011
179307,2023-04-05 07:39:27,501205010,2023-04-05 07:42:28,501205011
179348,2023-04-05 07:41:41,501205018,2023-04-05 07:46:29,501205001
179401,2023-04-05 07:46:01,501205026,2023-04-05 07:49:46,501205035
179411,2023-04-05 07:46:32,501205028,2023-04-05 07:50:30,501205008
179414,2023-04-05 07:46:36,501205009,2023-04-05 07:49:50,501205021
179422,2023-04-05 07:47:16,501205018,2023-04-05 07:55:46,501201022
179430,2023-04-05 07:48:09,501205001,2023-04-05 07:49:35,501205021
179460,2023-04-05 07:50:06,501205021,2023-04-05 08:11:34,501208011
179478,2023-04-05 07:51:11,501205006,2023-04-05 07:54:39,501201017
179488,2023-04-05 07:52:13,501204018,2023-04-05 09:35:52,501204018
179534,2023-04-05 07:55:44,501205011,2023-04-05 09:37:43,501205011
179544,2023-04-05 07:56:05,501205011,2023-04-05 09:37:52,501205011
179552,2023-04-05 07:56:24,501205011,2023-04-05 09:37:53,501205011
179563,2023-04-05 07:57:11,501205011,2023-04-05 09:37:51,501205011
179573,2023-04-05 07:57:33,501205011,2023-04-05 09:37:51,501205011
179576,2023-04-05 07:57:50,501204011,2023-04-05 08:07:45,501209085
179581,2023-04-05 07:58:27,501205012,2023-04-05 08:01:41,501205025
179590,2023-04-05 07:58:49,501205023,2023-04-05 08:19:50,501201005
179592,2023-04-05 07:59:11,501205010,2023-04-05 08:06:08,501205025
179594,2023-04-05 07:59:16,501205006,2023-04-05 08:10:34,501201017
179599,2023-04-05 07:59:37,501205006,2023-04-05 08:06:09,501201029
179604,2023-04-05 07:59:58,501205006,2023-04-05 08:27:28,501205006
179614,2023-04-05 08:00:28,501205023,2023-04-05 08:15:44,501205037
179676,2023-04-05 08:04:53,501205008,2023-04-05 08:15:49,501205008
179686,2023-04-05 08:05:29,501205037,2023-04-05 08:08:57,501205020
179689,2023-04-05 08:05:42,501205018,2023-04-05 08:16:27,501203003
179690,2023-04-05 08:05:46,501205026,2023-04-05 08:37:11,501205035
179716,2023-04-05 08:07:34,501204012,2023-04-05 08:10:10,501204020
179719,2023-04-05 08:07:45,501205033,2023-04-05 08:19:41,501203003
179730,2023-04-05 08:08:18,501205028,2023-04-05 08:13:24,501205038
179756,2023-04-05 08:11:11,501205028,2023-04-05 09:43:44,501203088
179757,2023-04-05 08:11:11,501205028,2023-04-05 09:43:40,501203088
179760,2023-04-05 08:11:26,501205028,2023-04-05 09:44:00,501203088
179761,2023-04-05 08:11:30,501205028,2023-04-05 09:43:35,501203088
179772,2023-04-05 08:11:54,501205028,2023-04-05 09:44:00,501203088
179779,2023-04-05 08:12:03,501205006,2023-04-05 08:33:29,501205006
179782,2023-04-05 08:12:13,501205006,2023-04-05 08:33:25,501205006
179787,2023-04-05 08:12:34,501205018,2023-04-05 08:22:14,501202043
179803,2023-04-05 08:13:03,501205035,2023-04-05 08:19:37,501201017
179816,2023-04-05 08:14:00,501205006,2023-04-05 08:20:59,501201003
179819,2023-04-05 08:14:13,501205015,2023-04-05 08:18:06,501203001
179831,2023-04-05 08:14:47,501205006,2023-04-05 08:20:54,501201003
179861,2023-04-05 08:16:46,501205033,2023-04-05 08:23:14,501205033
179871,2023-04-05 08:17:03,501205018,2023-04-05 08:21:30,501205013
179892,2023-04-05 08:18:04,501204024,2023-04-05 10:04:55,501204024
179896,2023-04-05 08:18:16,501204024,2023-04-05 10:04:58,501204024
179903,2023-04-05 08:18:41,501205026,2023-04-05 08:28:15,501205031
179917,2023-04-05 08:19:41,501205021,2023-04-05 08:27:04,501205021
179929,2023-04-05 08:20:19,501205008,2023-04-05 08:38:45,501208011
179946,2023-04-05 08:21:20,501205009,2023-04-05 08:21:28,501205009
179956,2023-04-05 08:22:18,501205009,2023-04-05 09:05:14,501201030
179986,2023-04-05 08:24:35,501205014,2023-04-05 08:28:44,501205018
180002,2023-04-05 08:25:32,501205029,2023-04-05 08:52:07,501205004
180024,2023-04-05 08:27:28,501205007,2023-04-05 08:45:06,501202039
180027,2023-04-05 08:27:37,501205034,2023-04-05 08:45:28,501205034
180030,2023-04-05 08:27:44,501205026,2023-04-05 08:30:26,501205019
180034,2023-04-05 08:27:59,501204012,2023-04-05 08:30:41,501204003
180043,2023-04-05 08:28:54,501205033,2023-04-05 09:02:04,501203064
180046,2023-04-05 08:28:56,501205033,2023-04-05 09:02:00,501203064
180054,2023-04-05 08:29:20,501205031,2023-04-05 08:36:40,501205010
180070,2023-04-05 08:30:18,501205031,2023-04-05 08:36:38,501205010
180080,2023-04-05 08:30:54,501205019,2023-04-05 08:31:55,501205019
180088,2023-04-05 08:31:08,501205035,2023-04-05 08:37:13,501203003
180099,2023-04-05 08:31:33,501205014,2023-04-05 08:54:22,501209034
180103,2023-04-05 08:31:42,501204015,2023-04-05 08:47:35,501208030
180109,2023-04-05 08:32:01,501205007,2023-04-05 08:49:29,501202004
180118,2023-04-05 08:32:16,501205019,2023-04-05 08:36:48,501205005
180149,2023-04-05 08:34:12,501205018,2023-04-05 08:45:47,501205018
180155,2023-04-05 08:34:25,501205012,2023-04-05 08:36:39,501205025
180160,2023-04-05 08:34:35,501204023,2023-04-05 09:39:35,501204023
180161,2023-04-05 08:34:39,501204023,2023-04-05 09:39:55,501204023
180169,2023-04-05 08:35:09,501205018,2023-04-05 08:41:16,501205010
180200,2023-04-05 08:36:47,501204009,2023-04-05 09:58:19,501204009
180209,2023-04-05 08:37:27,501205037,2023-04-05 08:56:25,501209070
180210,2023-04-05 08:37:28,501205021,2023-04-05 09:15:24,501202035
180220,2023-04-05 08:37:39,501205035,2023-04-05 09:02:38,501201004
180236,2023-04-05 08:38:47,501205025,2023-04-05 08:48:16,501205012
180239,2023-04-05 08:38:53,501204009,2023-04-05 09:58:28,501204009
180265,2023-04-05 08:40:23,501205023,2023-04-05 08:45:55,501205023
180267,2023-04-05 08:40:30,501205039,2023-04-05 09:34:30,501207043
180268,2023-04-05 08:40:31,501205005,2023-04-05 09:49:10,501209042
180269,2023-04-05 08:40:32,501205005,2023-04-05 09:25:10,501205005
180308,2023-04-05 08:42:44,501204009,2023-04-05 08:55:10,501205007
180320,2023-04-05 08:43:24,501204013,2023-04-05 09:06:19,501209069
180327,2023-04-05 08:43:50,501204013,2023-04-05 09:06:20,501209069
180381,2023-04-05 08:46:57,501205009,2023-04-05 08:58:08,501203053
180383,2023-04-05 08:47:00,501205031,2023-04-05 08:57:22,501205025
180396,2023-04-05 08:47:54,501205006,2023-04-05 09:07:35,501205015
180415,2023-04-05 08:48:38,501205021,2023-04-05 08:52:21,501205023
180434,2023-04-05 08:49:12,501205020,2023-04-05 08:55:34,501205009
180449,2023-04-05 08:49:36,501205020,2023-04-05 08:55:38,501205009
180474,2023-04-05 08:50:32,501204009,2023-04-05 08:57:23,501204007
180475,2023-04-05 08:50:33,501204009,2023-04-05 08:57:16,501204007
180477,2023-04-05 08:50:37,501204009,2023-04-05 08:57:09,501204007
180541,2023-04-05 08:54:19,501205007,2023-04-05 08:54:31,501205007
180550,2023-04-05 08:54:44,501205019,2023-04-05 08:55:53,501205019
180564,2023-04-05 08:55:22,501204017,2023-04-05 09:13:16,501202083
180567,2023-04-05 08:55:31,501204017,2023-04-05 09:12:48,501202083
180570,2023-04-05 08:55:34,501205007,2023-04-05 09:13:35,501205007
180613,2023-04-05 08:58:26,501205009,2023-04-05 09:05:10,501202035
180618,2023-04-05 08:58:38,501205018,2023-04-05 09:03:35,501205006
180627,2023-04-05 08:59:08,501204017,2023-04-05 09:10:27,501205018
180628,2023-04-05 08:59:13,501205019,2023-04-05 09:03:19,501204013
