,id,name,area,total,lat,lng
0,501201002,捷運美麗島站(2號出口),新興區,40,22.63035,120.30175
1,501201003,捷運美麗島站(5號出口),新興區,23,22.63118,120.3031
2,501201004,七賢洛陽街口,新興區,15,22.63416,120.30945
3,501201005,中山七賢路口西南側,新興區,19,22.63422,120.30209
4,501201006,中山八德路口西南側,新興區,28,22.63565,120.30219
5,501201007,新興高中,新興區,19,22.62399,120.30346
6,501201008,新興公園西南側,新興區,25,22.63601,120.31219
7,501201009,中正和平路口西北側,新興區,20,22.63041,120.31771
8,501201010,六合錦田路口,新興區,10,22.63235,120.31097
9,501201011,捷運信義國小站(5號出口),新興區,22,22.63073,120.31292
10,501201012,高雄市財稅行政大樓,新興區,18,22.63069,120.30977
11,501201013,復興民權街口,新興區,22,22.62418,120.30883
12,501201014,忠孝公園,新興區,19,22.62717,120.30575
13,501201015,捷運中央公園站(2號出口),新興區,25,22.62389,120.30124
14,501201016,捷運中央公園站(3號出口),新興區,26,22.62684,120.30152
15,501201017,捷運美麗島站(9號出口),新興區,27,22.63252,120.30203
16,501201018,捷運信義國小站(1號出口),新興區,21,22.63108,120.3103
17,501201019,六合公園(七賢路),新興區,28,22.6342,120.3059
18,501201020,中山民生圓環,新興區,24,22.6279,120.30149
19,501201021,捷運美麗島站(7號出口),新興區,15,22.63143,120.30343
20,501201022,捷運美麗島站(6號出口),新興區,16,22.63111,120.30431
21,501201023,民族八德路口,新興區,28,22.63539,120.31341
22,501201024,高雄高商(復興路),新興區,24,22.62516,120.30845
23,501201025,民權民生路口,新興區,24,22.62723,120.31086
24,501201026,大同國小(大同路),新興區,15,22.62823,120.29895
25,501201027,民族河南路口,新興區,11,22.63612,120.31388
26,501201028,七賢民族二路口,新興區,20,22.63388,120.3131
27,501201029,六合公園(六合一路),新興區,13,22.632833,120.30553
28,501201030,中正忠孝一路口,新興區,15,22.63098,120.30621
29,501202001,中正民族路口(東南角),苓雅區,14,22.63044,120.31367
30,501202002,捷運文化中心站(2號出口),苓雅區,27,22.63015,120.31772
31,501202003,苓雅國中,苓雅區,30,22.61855,120.30719
32,501202004,高雄師範大學(學生宿舍),苓雅區,42,22.62664,120.31948
33,501202005,高雄師範大學(活動中心),苓雅區,26,22.62388,120.32054
34,501202006,自來水公園,苓雅區,16,22.62758,120.31492
35,501202007,中正高中,苓雅區,19,22.62618,120.33826
36,501202009,泰順河南路口,苓雅區,16,22.63192,120.31984
37,501202010,捷運衛武營站(4號出口),苓雅區,22,22.62499,120.34177
38,501202011,正道公園,苓雅區,15,22.63461,120.33539
39,501202012,苓雅中正國小,苓雅區,20,22.63027,120.3333
40,501202013,復華高中,苓雅區,17,22.62107,120.31325
41,501202014,凱旋同慶路口(西南角),苓雅區,18,22.62775,120.32236
42,501202015,高雄市衛生局,苓雅區,16,22.6262,120.32549
43,501202016,民權永富街口,苓雅區,17,22.61767,120.31399
44,501202017,福居兒童遊戲場,苓雅區,20,22.62085,120.33448
45,501202018,金馬公有停車場,苓雅區,21,22.62373,120.33402
46,501202019,捷運五塊厝站(2號出口),苓雅區,17,22.62977,120.32717
47,501202020,武廟市場停車場,苓雅區,16,22.62908,120.33182
48,501202021,三信家商,苓雅區,28,22.62214,120.32928
49,501202022,行仁行禮街口,苓雅區,14,22.62596,120.34327
50,501202023,中華興中路口(東南角),苓雅區,15,22.61456,120.30177
51,501202024,四維行政大樓,苓雅區,15,22.62138,120.31248
52,501202025,環球影城(大順三路),苓雅區,14,22.63224,120.32529
53,501202026,福德公有停車場,苓雅區,30,22.63288,120.32789
54,501202027,福康國小,苓雅區,15,22.61916,120.33062
55,501202028,正心公園,苓雅區,13,22.63419,120.33264
56,501202029,捷運五塊厝站(4號出口),苓雅區,30,22.62925,120.32791
57,501202030,捷運技擊館站(1號出口),苓雅區,23,22.62781,120.33361
58,501202031,捷運衛武營(5號出口),苓雅區,15,22.62573,120.34232
59,501202032,正義車站,苓雅區,20,22.63398,120.34317
60,501202033,科工館車站,苓雅區,40,22.637029,120.326333
61,501202034,捷運三多商圈站(2號出口),苓雅區,16,22.61256,120.30491
62,501202035,捷運三多商圈站(7號出口),苓雅區,30,22.61482,120.30407
63,501202036,捷運三多商圈站(5號出口),苓雅區,39,22.61435,120.30466
64,501202037,捷運文化中心站(3號出口),苓雅區,25,22.62977,120.31825
65,501202038,中正正言路口,苓雅區,28,22.62896,120.32899
66,501202039,捷運技擊館站(2號出口),苓雅區,26,22.62737,120.33365
67,501202040,四維行政中心(四維三路),苓雅區,45,22.61996,120.31145
68,501202041,高雄市文化中心(和平一路),苓雅區,28,22.6252,120.3197
69,501202042,道明中學,苓雅區,41,22.63313,120.32356
70,501202043,四維公園,苓雅區,21,22.61572,120.29909
71,501202044,輕軌旅運中心站,苓雅區,20,22.6128,120.2921
72,501202045,高雄市文化中心(廣州一街),苓雅區,28,22.62498,120.31697
73,501202046,正義市場,苓雅區,25,22.63122,120.33858
74,501202047,生日公園,苓雅區,22,22.61782,120.30503
75,501202048,國際商工,苓雅區,20,22.62101,120.32574
76,501202049,凱旋醫院,苓雅區,20,22.62489,120.32405
77,501202050,輕軌光榮碼頭站,苓雅區,16,22.61728,120.29356
78,501202051,捷運衛武營站(3號出口),苓雅區,28,22.62494,120.34111
79,501202052,英明公園,苓雅區,27,22.61635,120.32488
80,501202053,長青綜合服務中心,苓雅區,15,22.62312,120.32209
81,501202054,財政部高雄國稅局,苓雅區,15,22.62303,120.31759
82,501202055,成功國小(華新街),苓雅區,15,22.61409,120.29736
83,501202056,福德河北路口(東南側),苓雅區,12,22.62696,120.3269
84,501202057,高雄師大附中(凱旋二路),苓雅區,35,22.6256,120.32321
85,501202058,四維國小(民權一路),苓雅區,15,22.62297,120.31252
86,501202059,五塊厝公園,苓雅區,20,22.62757,120.32736
87,501202060,同慶停車場,苓雅區,21,22.6282,120.3233
88,501202061,三多廣州二街口,苓雅區,11,22.61877,120.31957
89,501202062,北凱旋公園,苓雅區,10,22.63012,120.32237
90,501202063,和平五福一路口,苓雅區,20,22.62873,120.3187
91,501202064,林靖公園,苓雅區,16,22.6235,120.32692
92,501202065,中華苓雅二路口,苓雅區,15,22.61786,120.30016
93,501202066,武廟大順三路口,苓雅區,10,22.63169,120.32421
94,501202067,福東國小,苓雅區,15,22.62394,120.32889
95,501202068,中山四維四路口,苓雅區,18,22.61734,120.30312
96,501202069,五權國小,苓雅區,15,22.62044,120.32396
97,501202070,民權四維三路口,苓雅區,16,22.61982,120.31315
98,501202071,福安公園,苓雅區,17,22.62483,120.33109
99,501202072,三多和平一路口,苓雅區,20,22.61993,120.3227
100,501202073,四維河南路口,苓雅區,11,22.62572,120.32913
101,501202074,輕軌凱旋公園站,苓雅區,20,22.62972,120.32275
102,501202075,輕軌凱旋武昌站,苓雅區,20,22.61723,120.32669
103,501202076,和平和平一路80巷口,苓雅區,20,22.62222,120.3212
104,501202077,凱旋凱旋三路915巷口,苓雅區,17,22.61961,120.32555
105,501202078,苓洲國小,苓雅區,25,22.61491,120.30124
106,501202079,武昌武昌路40巷口,苓雅區,20,22.61867,120.33569
107,501202080,中山苓雅二路口,苓雅區,26,22.61877,120.30255
108,501202081,捷運三多商圈站(6號出口),苓雅區,23,22.61484,120.30423
109,501202082,海邊新田路口,苓雅區,23,22.61881,120.29307
110,501202083,國民市場(仁愛三街),苓雅區,24,22.621487,120.30881
111,501202084,三多文橫二路口,苓雅區,21,22.614933,120.307015
112,501202085,高雄國軍英雄館,苓雅區,24,22.62039,120.29291
113,501202086,民權興中一路口,苓雅區,11,22.61868,120.31415
114,501202087,高雄市青少年籃球場,苓雅區,20,22.62546,120.33332
115,501202088,海邊苓中路口,苓雅區,30,22.61595,120.29268
116,501202089,輕軌旅運中心站(海邊路),苓雅區,23,22.61177,120.29348
117,501202090,三多公有停車場,苓雅區,18,22.62401,120.33802
118,501202091,凱旋青樹,苓雅區,23,22.63832,120.31768
119,501203001,建國同愛街口西北側,三民區,20,22.63791,120.30047
120,501203002,市立高雄高級中學,三民區,23,22.63798,120.2975
121,501203003,建國同愛街口東側,三民區,19,22.63773,120.30137
122,501203004,河北二中華三路口,三民區,16,22.6351,120.29377
123,501203005,河濱國小,三民區,20,22.63499,120.28741
124,501203006,河東路建國三路口,三民區,15,22.63392,120.28585
125,501203007,中華遼北街口,三民區,15,22.64712,120.29153
126,501203008,建國錦田路口西北側,三民區,16,22.63749,120.31052
127,501203009,凱歌憲政路口,三民區,14,22.63601,120.31803
128,501203010,遼寧哈爾濱街口,三民區,33,22.64287,120.29939
129,501203011,文興公園,三民區,15,22.63902,120.28607
130,501203012,三民國小,三民區,17,22.63658,120.2919
131,501203013,三塊厝車站,三民區,24,22.6396,120.29472
132,501203014,堯山延慶街口,三民區,16,22.64331,120.31648
133,501203015,山東承德街口,三民區,12,22.64264,120.31147
134,501203016,國立科學工藝博物館,三民區,17,22.6418,120.32105
135,501203017,高雄醫學大學,三民區,68,22.64899,120.31024
136,501203018,民族九如路口,三民區,18,22.63998,120.31376
137,501203019,十全民族路口,三民區,15,22.6448,120.31471
138,501203020,捷運後驛站(1號出口北側),三民區,20,22.64826,120.30313
139,501203021,義德公園,三民區,20,22.64437,120.33531
140,501203022,三民公園南側,三民區,19,22.64541,120.30416
141,501203023,捷運後驛站(3號出口),三民區,18,22.64929,120.30347
142,501203024,正興國小,三民區,17,22.64599,120.32812
143,501203025,高雄科技大學東北側,三民區,51,22.65175,120.32845
144,501203026,鼎中路199巷口,三民區,15,22.66334,120.3192
145,501203027,大裕昌富街口,三民區,15,22.65704,120.3287
146,501203028,捷運後驛站(1號出口南側),三民區,25,22.64739,120.30317
147,501203029,建民公園,三民區,33,22.6465,120.31787
148,501203030,三民高中東側,三民區,30,22.66068,120.32856
149,501203031,鼎金國民中學,三民區,17,22.65597,120.32071
150,501203032,獅湖國小,三民區,19,22.67263,120.32132
151,501203033,鼎泰廣場公園,三民區,27,22.66437,120.3161
152,501203034,陽明網球中心,三民區,23,22.64544,120.33952
153,501203035,寶華兒童公園,三民區,17,22.6383,120.34134
154,501203036,大順九如路口,三民區,22,22.63933,120.32779
155,501203037,高雄市立正興國民中學,三民區,20,22.64394,120.31984
156,501203038,高雄市立民族國民中學西北側,三民區,15,22.640628,120.332198
157,501203039,皓東路17巷口,三民區,15,22.64902,120.33114
158,501203040,博愛九如二路(東北側),三民區,24,22.641376,120.30299
159,501203041,民族一路543巷口,三民區,25,22.66676,120.31469
160,501203042,褒揚廣場,三民區,17,22.64178,120.33952
161,501203043,三民高中西側,三民區,38,22.66349,120.32628
162,501203044,明誠聯興路口,三民區,29,22.65978,120.31358
163,501203045,熱河自由路口,三民區,18,22.64353,120.30933
164,501203046,民族大昌路口,三民區,22,22.65899,120.31555
165,501203047,民族車站,三民區,25,22.63883,120.31512
166,501203048,正興公有停車場,三民區,16,22.6463,120.319
167,501203049,大昌春陽街口,三民區,27,22.64712,120.332
168,501203050,捷運後驛站(2號出口),三民區,46,22.64818,120.30351
169,501203051,博愛同盟路口,三民區,24,22.65275,120.30389
170,501203052,科工館,三民區,27,22.639607,120.323976
171,501203053,高雄中學(東側),三民區,26,22.63794,120.29875
172,501203054,客家文物館,三民區,22,22.65057,120.29572
173,501203055,金獅湖,三民區,28,22.6651,120.32167
174,501203056,文藻外語大學,三民區,22,22.67117,120.32095
175,501203057,莊敬公園,三民區,26,22.65962,120.32475
176,501203058,高雄高工,三民區,44,22.65038,120.32563
177,501203059,鼎金國小,三民區,26,22.65617,120.32276
178,501203060,寶業里滯洪池,三民區,22,22.63999,120.34634
179,501203061,義民廟,三民區,16,22.64249,120.33367
180,501203062,公二公園,三民區,15,22.63605,120.34341
181,501203063,鼎山大順路口,三民區,16,22.65308,120.31874
182,501203064,同盟博愛路口,三民區,16,22.65163,120.302
183,501203065,三民游泳池,三民區,16,22.64248,120.30871
184,501203066,河堤南自由路口,三民區,16,22.65436,120.30887
185,501203067,陽明公園,三民區,13,22.64536,120.34127
186,501203068,金獅湖橋,三民區,15,22.66633,120.32522
187,501203069,光武國小,三民區,16,22.63819,120.33464
188,501203070,美都公園,三民區,15,22.64657,120.28902
189,501203071,高雄車站(九如二路),三民區,37,22.64126,120.30193
190,501203072,高雄車站(建國二路),三民區,18,22.63782,120.30367
191,501203073,河東河北路口,三民區,24,22.63303,120.28608
192,501203074,明堤公園,三民區,27,22.66292,120.3122
193,501203075,陽明溜冰場,三民區,15,22.64313,120.33954
194,501203076,精華公園,三民區,16,22.64232,120.29924
195,501203077,檨仔林埤濕地公園,三民區,15,22.67084,120.32478
196,501203078,河北立德街口,三民區,16,22.63553,120.29494
197,501203079,灣福兒童公園,三民區,13,22.65359,120.31724
198,501203080,建國林森路口,三民區,21,22.63752,120.30496
199,501203081,東光國小,三民區,22,22.64963,120.34078
200,501203082,鼎泰廣場,三民區,39,22.66374,120.31536
201,501203083,本安生態滯洪公園,三民區,10,22.65091,120.3374
202,501203084,建國三路中庸街口,三民區,11,22.6356,120.28952
203,501203085,河北二路中庸街口,三民區,10,22.63417,120.2909
204,501203086,民族社區老人活動中心,三民區,18,22.64013,120.31636
205,501203087,陽明義華路口,三民區,35,22.64269,120.34212
206,501203088,同盟十全路口,三民區,14,22.64894,120.28608
207,501203089,中華熱河三街口,三民區,12,22.64487,120.29148
208,501203090,中華九如三路口,三民區,10,22.64232,120.29132
209,501203091,中庸中華橫路口,三民區,13,22.64148,120.28719
210,501203092,自立自立一路161巷口,三民區,20,22.63959,120.29641
211,501203093,大園大和街口,三民區,13,22.65587,120.32523
212,501203094,大順民族路口,三民區,16,22.65572,120.31507
213,501203095,民族聯興路50巷口,三民區,33,22.65673,120.31531
214,501203096,河堤明哲路口,三民區,22,22.66152,120.3116
215,501203097,明誠鼎愛街口,三民區,11,22.66029,120.32129
216,501203098,灣仔內兒童遊戲場,三民區,16,22.65016,120.32066
217,501203099,寶德里廣場,三民區,21,22.64143,120.33528
218,501203100,建國忠孝一路口,三民區,19,22.63761,120.30709
219,501203101,中都聯合里民中心,三民區,14,22.64462,120.28282
220,501203102,九如自立一路口,三民區,19,22.64167,120.29616
221,501203103,愛國國小,三民區,17,22.64334,120.31283
222,501203104,博愛熱河二街口,三民區,19,22.64441,120.30281
223,501203105,九如中華二路口,三民區,11,22.64197,120.29188
224,501203106,華德華德街98巷口,三民區,12,22.64785,120.32265
225,501203107,三民公園(北側),三民區,14,22.64741,120.30537
226,501203108,寶業滯洪公園(澄清路),三民區,23,22.63872,120.34514
227,501203109,博愛國小,三民區,26,22.64521,120.30757
228,501203110,高雄車站(西側),三民區,36,22.64002,120.30159
229,501203111,三民區公所,三民區,11,22.64779,120.29993
230,501203112,寶安里活動中心,三民區,15,22.64099,120.32886
231,501203113,十全康平街口,三民區,19,22.6465,120.29438
232,501203114,自由察哈爾一街口,三民區,28,22.64754,120.30903
233,501203115,正義車站(鐵道街),三民區,28,22.63431,120.34164
234,501203116,南區環保公園,三民區,17,22.6629,120.3286
235,501203117,中山河北一路口,三民區,16,22.636702,120.302484
236,501203118,鐵道復興一路口,三民區,20,22.63903,120.30859
237,501203119,鐵道九如一路381巷口,三民區,20,22.63631,120.33161
238,501203121,鐵道三中庸街口,三民區,24,22.63725,120.28851
239,501203122,中華橫巷力行路口,三民區,20,22.63936,120.29072
240,501203123,大豐大豐二路19巷口,三民區,23,22.64644,120.32606
241,501203124,同盟孝順街,三民區,18,22.64731,120.313007
242,501203125,同盟大連街,三民區,25,22.652,120.30554
243,501203126,鐵道建國一路62巷口,三民區,18,22.63516,120.33754
244,501203127,高雄第一殯儀館(本館路600巷),三民區,20,22.660508,120.33341
245,501203128,高雄第一殯儀館(家屬服務中心),三民區,15,22.661652,120.33242
246,501203129,澄清澄明街口,三民區,16,22.64528,120.34674
247,501203130,建興正忠路口,三民區,17,22.64215,120.3301
248,501203131,榕樹公園,三民區,20,22.64448,120.28942
249,501203132,天祥天祥一路142巷口,三民區,10,22.66773,120.31905
250,501203133,秋元皓東路口,三民區,14,22.65235,120.33646
251,501203134,同盟合江街口,三民區,17,22.65069,120.30832
252,501203135,鐵道平等路口,三民區,15,22.63803,120.32076
253,501203136,灣愛公園,三民區,15,22.65987,120.31819
254,501203137,三民區民眾活動中心,三民區,25,22.6495,120.32468
255,501203138,鐵道憲政路138巷口,三民區,20,22.63759,120.32357
256,501203139,民族自忠街口,三民區,15,22.64632,120.31429
257,501203140,博愛九如二路口(西北側),三民區,28,22.64143,120.30255
258,501203141,鐵道同盟三路口,三民區,16,22.63651,120.28562
259,501203142,高雄車站(東南側),三民區,19,22.63785,120.30342
260,501203143,大順鐵道一街口,三民區,26,22.63685,120.32718
261,501203144,大順寶興路口,三民區,10,22.64446,120.32625
262,501204001,高雄國際會議中心,鹽埕區,25,22.62617,120.28624
263,501204002,鹽埕國中,鹽埕區,13,22.62255,120.288
264,501204003,捷運鹽埕埔站(1號出口),鹽埕區,44,22.6229,120.28334
265,501204004,公園大成街口,鹽埕區,14,22.619511,120.287158
266,501204005,鹽埕區敬老亭,鹽埕區,16,22.63168,120.28533
267,501204007,輕軌真愛碼頭站,鹽埕區,21,22.61978,120.28893
268,501204008,駁二藝術特區(必信街),鹽埕區,15,22.61938,120.28481
269,501204009,鹽埕立體停車場,鹽埕區,20,22.62495,120.28591
270,501204010,新樂截流抽水站,鹽埕區,23,22.623,120.28915
271,501204011,輕軌文武聖殿站,鹽埕區,15,22.62916,120.28071
272,501204012,五福建國路口東南側,鹽埕區,14,22.62508,120.2804
273,501204013,七賢府北路口西側,鹽埕區,15,22.62962,120.28513
274,501204014,高雄市音樂館,鹽埕區,16,22.62784,120.28693
275,501204015,大安公園,鹽埕區,15,22.62393,120.27848
276,501204016,公園二大義街口,鹽埕區,20,22.62023,120.28574
277,501204017,公園二大勇路口,鹽埕區,15,22.62158,120.28293
278,501204018,公園二七賢三路口,鹽埕區,24,22.6229,120.28015
279,501204020,輕軌駁二蓬萊站,鹽埕區,20,22.62069,120.27975
280,501204021,大義截流站,鹽埕區,20,22.61898,120.28411
281,501204022,公園二光榮街口,鹽埕區,16,22.62091,120.28433
282,501204023,七賢大公路口,鹽埕區,15,22.62742,120.28278
283,501204024,鹽埕市民廣場,鹽埕區,14,22.62583,120.28509
284,501205001,高雄文學館,前金區,17,22.62572,120.29765
285,501205002,捷運市議會站(2號出口),前金區,33,22.62833,120.2941
286,501205003,東金公園,前金區,19,22.63131,120.29409
287,501205004,河南自強路口,前金區,17,22.6341,120.29167
288,501205005,自強民生路口西北側,前金區,22,22.62561,120.29516
289,501205006,建國國小,前金區,20,22.63168,120.2977
290,501205007,中正瑞源路口西南側,前金區,12,22.62977,120.2975
291,501205008,七賢自強路口東北側,前金區,15,22.63225,120.29286
292,501205009,中山五福路口西北側,前金區,25,22.62342,120.30098
293,501205010,五福自強路口東南側,前金區,14,22.62165,120.29695
294,501205011,高雄女中,前金區,30,22.62085,120.29267
295,501205012,中山青年路口西北側,前金區,20,22.62031,120.30198
296,501205013,前金國中,前金區,21,22.63056,120.29036
297,501205014,光復三市中路口,前金區,23,22.62335,120.29234
298,501205015,河南二路75號北側,前金區,9,22.63574,120.29651
299,501205018,高雄市救國團,前金區,18,22.62878,120.29443
300,501205019,高雄市政府警察局,前金區,28,22.62774,120.29085
301,501205020,高雄女中(英雄路口),前金區,30,22.62079,120.29366
302,501205021,高雄市立大同醫院,前金區,15,22.62755,120.29684
303,501205022,七賢河東路口,前金區,15,22.63029,120.28729
304,501205023,五福仁德街口,前金區,15,22.62279,120.29949
305,501205025,捷運中央公園站(1號出口),前金區,40,22.62393,120.30104
306,501205026,捷運市議會站(4號出口),前金區,19,22.6295,120.29547
307,501205027,前金國小(成功路),前金區,10,22.62583,120.29317
308,501205028,捷運市議會站(1號出口),前金區,10,22.62917,120.2938
309,501205029,七賢成功路口東北側,前金區,10,22.63163,120.29105
310,501205030,立德棒球場(旺盛街),前金區,10,22.62985,120.2882
311,501205031,河東民生路口,前金區,27,22.624,120.29038
312,501205033,行政院南部聯合服務中心(舊址),前金區,15,22.6295,120.29177
313,501205034,五福成功一路口,前金區,28,22.6212,120.29468
314,501205035,河南中華三路口,前金區,16,22.63455,120.29307
315,501205036,國民市中一路口,前金區,15,22.62509,120.29168
316,501205037,五福文武二街口,前金區,16,22.62209,120.29748
317,501205038,河南市中一路口,前金區,20,22.63304,120.28845
318,501205039,七賢新盛一街口,前金區,17,22.63317,120.29551
319,501206001,台鐵鳳山站(曹公路),鳳山區,48,22.63199,120.35776
320,501206002,清湖公園,鳳山區,18,22.64418,120.34977
321,501206003,捷運鳳山站(1號出口),鳳山區,46,22.62581,120.3561
322,501206004,文山兒童四公園,鳳山區,22,22.64076,120.35027
323,501206005,捷運鳳山國中站(1號出口),鳳山區,35,22.62453,120.37099
324,501206006,鳳山商工(文衡路),鳳山區,20,22.63628,120.35678
325,501206007,鎮北國小,鳳山區,16,22.6429,120.36867
326,501206008,鳳山區公所,鳳山區,17,22.62746,120.36255
327,501206009,文澄兒童公園,鳳山區,17,22.6439,120.35357
328,501206010,文福文化西路口,鳳山區,15,22.63393,120.34555
329,501206011,保安休憩公園,鳳山區,14,22.59811,120.34407
330,501206012,曹公國小,鳳山區,20,22.62804,120.35726
331,501206013,鳳山行政中心,鳳山區,18,22.62952,120.34266
332,501206014,瑞竹兒童公園,鳳山區,15,22.6257,120.36999
333,501206015,捷運大東站(1號出口),鳳山區,50,22.62549,120.36326
334,501206016,鳳山運動公園,鳳山區,18,22.61674,120.34077
335,501206017,國立鳳新高中(新富路),鳳山區,40,22.61298,120.34292
336,501206018,保安濕地公園,鳳山區,14,22.59271,120.35302
337,501206019,南和公園,鳳山區,20,22.59639,120.33545
338,501206020,衛武營公園,鳳山區,17,22.61719,120.34439
339,501206021,瑞隆東同明街口,鳳山區,15,22.60631,120.34314
340,501206022,老爺公園,鳳山區,10,22.60561,120.34384
341,501206023,五甲社區公園,鳳山區,18,22.61664,120.34883
342,501206024,五甲社區公有停車場,鳳山區,15,22.61518,120.35009
343,501206025,國光安寧街口,鳳山區,16,22.61832,120.35352
344,501206026,安化門遺址,鳳山區,18,22.62147,120.3575
345,501206027,黃埔公園,鳳山區,15,22.62272,120.368188
346,501206028,瑞興兒童公園,鳳山區,17,22.62876,120.36707
347,501206029,鳳陽社區,鳳山區,14,22.61989,120.37332
348,501206030,光華安寧街口,鳳山區,15,22.62051,120.35452
349,501206031,鳳西羽球館西北側,鳳山區,20,22.623801,120.3522822
350,501206032,捷運鳳山西站(2號出口),鳳山區,60,22.6253057,120.3485009
351,501206033,和德街公園,鳳山區,15,22.6184166,120.3609758
352,501206034,五甲國中,鳳山區,19,22.599438,120.328104
353,501206036,福誠國小,鳳山區,18,22.597344,120.325277
354,501206037,五甲公園南側,鳳山區,20,22.592467,120.323164
355,501206038,福誠高中,鳳山區,32,22.58926,120.32307
356,501206039,自強南進三街口,鳳山區,19,22.590363,120.329551
357,501206040,正義里活動中心,鳳山區,15,22.60265,120.34013
358,501206041,瑞興國小(博愛路),鳳山區,15,22.62994,120.36911
359,501206042,公二十七公園,鳳山區,15,22.58804,120.36518
360,501206043,過勇頂庄路口,鳳山區,15,22.588446,120.362695
361,501206044,文福兒童公園,鳳山區,16,22.636717,120.346691
362,501206045,文德國小,鳳山區,14,22.64055,120.352689
363,501206046,武松公園,鳳山區,14,22.63655,120.36397
364,501206047,五甲南榮兒童公園,鳳山區,14,22.6011747,120.333953
365,501206048,南正兒童公園,鳳山區,15,22.5993568,120.3313158
366,501206049,五甲國小,鳳山區,11,22.598004,120.333952
367,501206050,五福公園,鳳山區,14,22.588539,120.327786
368,501206051,鳳西運動公園(五權南路),鳳山區,15,22.621869,120.352755
369,501206052,南和保安一街口,鳳山區,15,22.592114,120.336876
370,501206053,富新國慶九街口,鳳山區,12,22.58855,120.3402
371,501206054,鳳山區第二衛生所,鳳山區,17,22.59383,120.33303
372,501206055,國泰青年路口,鳳山區,14,22.61872,120.34975
373,501206056,頂庄頂明路口,鳳山區,10,22.5885144,120.3551263
374,501206057,博愛公園,鳳山區,15,22.62986,120.36269
375,501206058,忠孝國中(國興街),鳳山區,25,22.61888,120.34601
376,501206059,七聖街112巷口,鳳山區,15,22.60939,120.34704
377,501206060,新甲兒童公園,鳳山區,15,22.60761,120.34318
378,501206061,二甲里活動中心,鳳山區,16,22.59904,120.33974
379,501206063,捷運大東站(2號出口),鳳山區,20,22.62521,120.36261
380,501206064,鳳凌廣場,鳳山區,14,22.6234,120.35595
381,501206065,市議會(新址),鳳山區,28,22.61981,120.34804
382,501206066,鳳山行政中心東側,鳳山區,56,22.62974,120.34433
383,501206067,國立鳳新高中(新康街),鳳山區,39,22.61417,120.34401
384,501206068,中山公園,鳳山區,15,22.6142,120.3605
385,501206069,高雄監理所(武營),鳳山區,14,22.61425,120.33667
386,501206070,新甲國小,鳳山區,15,22.61274,120.34035
387,501206071,曹公圳公園,鳳山區,16,22.62033,120.36016
388,501206072,鳳東公園,鳳山區,15,22.62669,120.37981
389,501206073,武漢里活動中心,鳳山區,11,22.61098,120.33605
390,501206074,海光兒童公園,鳳山區,14,22.63176,120.36814
391,501206075,八仙公園,鳳山區,15,22.61557,120.35475
392,501206076,鳳儀書院,鳳山區,15,22.62748,120.35976
393,501206077,鳳山公園,鳳山區,15,22.59456,120.35774
394,501206078,中崙國中,鳳山區,16,22.60223,120.35337
395,501206079,牛潮埔公園,鳳山區,16,22.64632,120.37048
396,501206080,五甲社區活動中心,鳳山區,15,22.61514,120.34825
397,501206081,北昌北昌三街口,鳳山區,17,22.64518,120.37258
398,501206082,新泰兒童公園,鳳山區,15,22.61092,120.34361
399,501206083,中正預校,鳳山區,27,22.607115,120.358669
400,501206084,過埤兒童公園,鳳山區,16,22.59275,120.36051
401,501206085,中崙公園,鳳山區,16,22.59713,120.35371
402,501206086,北辰兒童公園,鳳山區,10,22.64049,120.36537
403,501206087,協和曹公路口,鳳山區,21,22.63065,120.35756
404,501206088,鳳山工業區,鳳山區,14,22.61465,120.33237
405,501206089,武慶武昌路口,鳳山區,14,22.61756,120.33203
406,501206090,黃埔新村,鳳山區,14,22.62009,120.36395
407,501206091,鳳山新城甲社區,鳳山區,14,22.62995,120.37211
408,501206092,海風社區公園,鳳山區,14,22.63317,120.37475
409,501206093,勝利建國路一段口,鳳山區,15,22.63537,120.37444
410,501206094,誠體誠智街口,鳳山區,12,22.62295,120.3774
411,501206095,公園二公園街口,鳳山區,17,22.58768,120.33176
412,501206096,中山東路5巷口,鳳山區,15,22.62068,120.36257
413,501206097,福安二街20巷39弄口,鳳山區,11,22.58965,120.33299
414,501206099,鳳山地政事務所(忠義街),鳳山區,19,22.62782,120.35125
415,501206100,中崙國小,鳳山區,13,22.5995,120.35092
416,501206101,NO.16藝術公園,鳳山區,20,22.64575,120.37408
417,501206102,青年公園,鳳山區,20,22.62933,120.34908
418,501206103,鳳翔國中,鳳山區,11,22.59699,120.34714
419,501206104,保安二鳳燕一街口,鳳山區,14,22.59919,120.34234
420,501206105,新強輜汽路口,鳳山區,16,22.61659,120.33882
421,501206106,鳳頂過雄一街口,鳳山區,15,22.58599,120.3587
422,501206107,五甲二路730巷口,鳳山區,12,22.59484,120.32888
423,501206108,明鳳公園,鳳山區,10,22.588701,120.334152
424,501206109,保泰保泰路370巷,鳳山區,10,22.60329,120.33508
425,501206110,文教公園,鳳山區,16,22.6337,120.35106
426,501206111,文華兒童公園,鳳山區,18,22.63455,120.3514
427,501206112,埤頂鳳埤街口,鳳山區,10,22.62979,120.38075
428,501206113,建國文英路口,鳳山區,12,22.63609,120.35917
429,501206115,山仔頂溝滯洪池,鳳山區,15,22.634413,120.379291
430,501206116,正義國小,鳳山區,13,22.60431,120.33867
431,501206117,武林輜汽路口,鳳山區,17,22.61592,120.33454
432,501206118,文山公兒三公園,鳳山區,18,22.64299,120.3468
433,501206119,鳳山中正國小,鳳山區,15,22.62747,120.37388
434,501206120,鳳山公28公園,鳳山區,10,22.61245,120.35884
435,501206121,北鳳山區清潔隊,鳳山區,15,22.63386,120.36351
436,501206122,青年光華路口,鳳山區,15,22.62188,120.34933
437,501206123,鳳甲公兒二公園,鳳山區,15,22.5952,120.34182
438,501206124,北門公園,鳳山區,12,22.63412,120.36633
439,501206125,八德八德路二段142巷口,鳳山區,10,22.64386,120.35506
440,501206126,八德路296巷文衡路口,鳳山區,12,22.63983,120.35541
441,501206127,文勇八德路口,鳳山區,10,22.63835,120.35854
442,501206128,公兒20公園,鳳山區,18,22.63417,120.34869
443,501206129,環河鳳東七街106巷口,鳳山區,14,22.62531,120.38537
444,501206130,五甲國中(龍成路),鳳山區,15,22.59824,120.32921
445,501206131,六成保南一路口,鳳山區,15,22.58782,120.34907
446,501206132,長樂和興街口,鳳山區,16,22.61714,120.35594
447,501206133,鳳埤鳳埤街50巷口,鳳山區,15,22.62921,120.37953
448,501206134,文福青年路口,鳳山區,20,22.6331,120.34978
449,501206135,鳳松博愛路口,鳳山區,15,22.63105,120.3607
450,501206136,台鐵鳳山車站(西側),鳳山區,20,22.6321,120.35498
451,501206137,勝利工協街口,鳳山區,20,22.62995,120.37359
452,501206138,五甲七老爺停車場,鳳山區,15,22.6013,120.34156
453,501206139,鳳山高中(文建街),鳳山區,46,22.62973,120.34654
454,501206140,海涵紅毛港路口,鳳山區,20,22.59149,120.34488
455,501206141,捷運鳳山國中站(3號出口),鳳山區,22,22.62515,120.37365
456,501206142,和德街公園(南側),鳳山區,20,22.61843,120.35938
457,501206143,家和五偉成街口,鳳山區,15,22.58611,120.344583
458,501206144,天天公園,鳳山區,16,22.624,120.38137
459,501206145,中和公園,鳳山區,15,22.62622,120.34603
460,501206146,建國青年路口,鳳山區,14,22.63735,120.35078
461,501206147,杭州公園,鳳山區,15,22.62123,120.3758
462,501206148,環河鳳東三街口,鳳山區,15,22.62859,120.38635
463,501206149,福誠一三誠路口,鳳山區,15,22.59277,120.32526
464,501206150,富榮公園,鳳山區,16,22.59636,120.33722
465,501207001,捷運生態園區站(1號出口),左營區,44,22.67604,120.30631
466,501207002,微笑公園(文奇路側),左營區,17,22.67424,120.30936
467,501207003,博愛文奇路口南側,左營區,27,22.67316,120.30478
468,501207004,左營分局新莊派出所,左營區,10,22.66827,120.31163
469,501207005,重愛公園(文慈路側),左營區,17,22.6834,120.31839
470,501207006,微笑公園(崇德路8巷口),左營區,15,22.67312,120.30957
471,501207007,微笑公園(新庄仔路545巷口),左營區,19,22.67102,120.3137
472,501207008,榮德公園,左營區,18,22.68481,120.32105
473,501207009,福山國小,左營區,20,22.68425,120.31596
474,501207010,華夏西北扶輪公園(重愛路側),左營區,15,22.68754,120.31303
475,501207011,文藻外語大學正門,左營區,16,22.67088,120.31805
476,501207012,博愛重立路口南側,左營區,15,22.67963,120.30897
477,501207013,重仁兒童遊戲場(重仁路50巷口),左營區,20,22.68831,120.3164
478,501207014,幸福公園(高鐵路側),左營區,20,22.68965,120.31123
479,501207015,博愛明誠路口東南側,左營區,16,22.66035,120.30322
480,501207016,龍華國中(靠近自由二路6巷口),左營區,25,22.65863,120.30905
481,501207017,明誠自由路口(路口三處),左營區,23,22.66107,120.30909
482,501207018,光興裕誠路口東南側,左營區,15,22.66398,120.31172
483,501207019,裕誠裕誠472巷口(東西2側),左營區,18,22.66579,120.30434
484,501207020,裕誠富國路口(路口二處),左營區,19,22.66536,120.30713
485,501207021,自由自由三路101巷口西北側,左營區,15,22.67071,120.31059
486,501207022,微笑公園(天祥二路側),左營區,23,22.66881,120.31365
487,501207023,福山廣場(博愛四路側),左營區,16,22.68507,120.31407
488,501207024,重平兒童遊戲場,左營區,20,22.68437,120.31128
489,501207025,自由二路6巷至聖路口東側,左營區,14,22.65929,120.31156
490,501207026,原生植物園(靠高鐵路側),左營區,16,22.6828,120.3032
491,501207027,舊城國小(蓮潭路側),左營區,18,22.6828,120.29241
492,501207028,捷運巨蛋站(5號出口),左營區,60,22.6673,120.30317
493,501207029,福山公園(榮佑路側),左營區,19,22.68193,120.32049
494,501207030,捷運生態園區站(2號出口),左營區,50,22.6771,120.30659
495,501207031,裕誠富民路口東北側,左營區,16,22.66566,120.30557
496,501207032,大義國中(城峰路側),左營區,16,22.6751,120.29093
497,501207033,新莊華夏路口北側,左營區,21,22.673,120.29797
498,501207034,三民家商(南屏路側),左營區,24,22.6664,120.30021
499,501207035,三民家商(裕誠路側),左營區,25,22.6659,120.30235
500,501207036,博愛明華路口東北側,左營區,15,22.66319,120.30336
501,501207037,文萊崇德路口西北側,左營區,16,22.67689,120.30213
502,501207038,左營忠信路8巷口西側,左營區,20,22.6762,120.28672
503,501207039,左營左營大路6巷口西側,左營區,20,22.67897,120.28721
504,501207040,軍校海功路口西側,左營區,15,22.6934,120.29234
505,501207041,公務人力發展中心(政德路側),左營區,35,22.6777,120.30034
506,501207042,左營區公所,左營區,16,22.68979,120.29516
507,501207043,明潭蓮潭路口東側,左營區,18,22.69,120.29918
508,501207044,明誠富民路口(路口四處),左營區,21,22.6612,120.3054
509,501207045,勝利國小(南屏路側),左營區,20,22.6722,120.2947
510,501207046,捷運巨蛋站(4號出口),左營區,18,22.6674,120.30349
511,501207047,果貿公有市場西側,左營區,17,22.66895,120.28725
512,501207048,華夏兒童遊戲場(華夏路側),左營區,20,22.68188,120.30612
513,501207049,捷運凹子底站(3號出口),左營區,20,22.65777,120.30317
514,501207050,明誠富國路口東北側,左營區,16,22.66117,120.30708
515,501207052,新光國小(華夏路側),左營區,18,22.6806,120.30493
516,501207054,左營(舊城)車站,左營區,26,22.6742,120.2936
517,501207056,果峰果峰街50巷口北側,左營區,16,22.67052,120.2872
518,501207057,翠峰果峰街12巷口東側,左營區,20,22.67196,120.28909
519,501207058,蓮池潭兒童公園南區停車場,左營區,19,22.68643,120.30241
520,501207059,高鐵重信路口東側,左營區,19,22.68634,120.3083
521,501207060,捷運巨蛋站(3號出口),左營區,43,22.66598,120.3031
522,501207061,蓮池潭(高雄物產館),左營區,26,22.68059,120.29746
523,501207062,辛亥公有停車場,左營區,28,22.66469,120.31018
524,501207063,河堤公園(明誠二路側),左營區,31,22.6609,120.3108
525,501207064,左營國小,左營區,29,22.69057,120.29246
526,501207065,捷運世運站(1號出口),左營區,27,22.70075,120.30203
527,501207066,世運主場館,左營區,29,22.70252,120.29258
528,501207067,左營高中,左營區,56,22.69355,120.29548
529,501207068,高鐵左營站,左營區,31,22.68667,120.30827
530,501207069,孔營蓮潭路口,左營區,29,22.68794,120.29751
531,501207070,龍虎塔,左營區,28,22.67993,120.2921
532,501207071,福山廣場(文川路側),左營區,26,22.68588,120.31401
533,501207072,臺鐵新左營站,左營區,22,22.6885,120.30744
534,501207074,高雄榮總,左營區,38,22.68003,120.32172
535,501207075,自由黃昏市場,左營區,27,22.67216,120.31135
536,501207076,新光國小(曾子路側),左營區,18,22.68048,120.30589
537,501207077,新莊高中,左營區,29,22.68096,120.31749
538,501207078,海青工商,左營區,17,22.67443,120.28646
539,501207079,合群新城(緯九海景街口),左營區,16,22.69551,120.28738
540,501207080,富國公園,左營區,16,22.66388,120.30671
541,501207081,明德國小,左營區,14,22.68726,120.28948
542,501207082,新民國小,左營區,16,22.67638,120.31262
543,501207084,福山國中,左營區,35,22.68125,120.31394
544,501207085,新莊國小,左營區,15,22.66886,120.30941
545,501207086,文府國中,左營區,15,22.6915,120.31612
546,501207087,龍華國中(靠近大順一路口),左營區,16,22.65708,120.30891
547,501207088,介壽先鋒路口東南側,左營區,15,22.68124,120.28281
548,501207089,華夏西北扶輪公園(華夏路側),左營區,11,22.68662,120.31233
549,501207090,屏山國小,左營區,14,22.69372,120.30194
550,501207091,大義國中(翠華路側),左營區,16,22.67451,120.29316
551,501207092,微笑公園(博愛三路50巷口),左營區,32,22.67184,120.30448
552,501207093,龍華市場(忠言路側),左營區,12,22.65835,120.30596
553,501207094,文學公園(華夏路側),左營區,13,22.68913,120.318
554,501207095,榮光公有停車場,左營區,10,22.68506,120.32173
555,501207096,文學公園(文學路),左營區,15,22.68994,120.31841
556,501207098,民族霞海路口,左營區,13,22.68992,120.32142
557,501207099,博愛重和路口(路口兩處),左營區,19,22.68411,120.31298
558,501207100,博愛扶輪公園(博愛四路側),左營區,22,22.68267,120.31183
559,501207101,新民國小(重立路232巷口),左營區,17,22.67606,120.31468
560,501207102,新民國小(重立路),左營區,18,22.67728,120.31442
561,501207103,崇實自助社區活動中心,左營區,12,22.67862,120.28262
562,501207104,自勉公園,左營區,11,22.67882,120.27987
563,501207105,臺鐵新左營站(站前一街東北側),左營區,25,22.68923,120.30747
564,501207106,合群新城(建業緯六路口),左營區,15,22.69775,120.28648
565,501207107,合群新城義區(海景街),左營區,10,22.69659,120.28766
566,501207108,半屏山登山南側步道入口,左營區,10,22.69141,120.30292
567,501207109,博愛四重仁路口,左營區,15,22.68733,120.3165
568,501207110,富民太原街口,左營區,15,22.66766,120.30562
569,501207111,實踐海景街口,左營區,13,22.6903,120.28788
570,501207112,海功海富路口,左營區,15,22.69372,120.28928
571,501207113,崇德翠華路口,左營區,20,22.67847,120.29829
572,501207114,華榮翠華路口,左營區,20,22.67165,120.29131
573,501207115,菜公公園,左營區,15,22.67525,120.3158
574,501207116,富國公園(安吉街),左營區,25,22.66446,120.30765
575,501207117,新莊翠華路口,左營區,25,22.67466,120.29563
576,501207118,介壽先勝路口,左營區,13,22.68118,120.2808
577,501207119,新庄仔博愛二路口(東南側),左營區,14,22.66999,120.30412
578,501207120,蓮潭滑水樂園,左營區,14,22.67842,120.29541
579,501207121,新莊一文上路口,左營區,17,22.67154,120.30031
580,501207122,博愛公園(立大路側),左營區,17,22.67804,120.30608
581,501207123,華夏民族一路口,左營區,15,22.68814,120.3206
582,501207124,龍德新大順一路口,左營區,16,22.6561,120.31083
583,501207125,博愛大順一路口(東北側),左營區,23,22.65643,120.30333
584,501207126,高鐵大中二路口,左營區,20,22.68495,120.30584
585,501208001,時代大道中華路口(西北側),前鎮區,34,22.59675,120.30825
586,501208002,捷運凱旋站(3號出口),前鎮區,29,22.5976,120.31418
587,501208003,捷運凱旋站(2號出口),前鎮區,24,22.59673,120.3157
588,501208004,前鎮地政事務所,前鎮區,12,22.58723,120.31874
589,501208005,同安德昌路口,前鎮區,15,22.58341,120.31735
590,501208006,前鎮國中(草衙一路),前鎮區,21,22.5838,120.32214
591,501208007,捷運草衙站(4號出口),前鎮區,30,22.58064,120.32795
592,501208008,港壽崇安街口,前鎮區,17,22.57187,120.33082
593,501208009,后安停車場,前鎮區,30,22.57336,120.3222
594,501208010,紅毛港國小,前鎮區,15,22.58441,120.33454
595,501208011,新光自強路口,前鎮區,37,22.61065,120.30084
596,501208012,民裕鄭和南路口(西南側),前鎮區,30,22.60673,120.31428
597,501208013,捷運獅甲站(4號出口),前鎮區,27,22.60619,120.30765
598,501208014,捷運獅甲站(3號出口),前鎮區,19,22.60659,120.30799
599,501208015,前鎮西甲敬老亭,前鎮區,15,22.60744,120.30784
600,501208016,中正高工(汕頭街口),前鎮區,22,22.61017,120.31735
601,501208017,崗山仔公園,前鎮區,15,22.60585,120.3374
602,501208018,高雄廣澤郵局,前鎮區,15,22.6159,120.31059
603,501208019,25號綠地公園,前鎮區,16,22.61641,120.31578
604,501208020,中正高工(黃埔街口),前鎮區,21,22.61155,120.31779
605,501208021,台鋁廣場,前鎮區,17,22.6043,120.30373
606,501208022,瑞北停車場,前鎮區,15,22.60892,120.32972
607,501208023,瑞祥高中,前鎮區,30,22.6017,120.32528
608,501208024,高雄市勞工局,前鎮區,21,22.58819,120.32174
609,501208026,前鎮區公所,前鎮區,21,22.5871,120.31801
610,501208027,中華復興路口(西南側),前鎮區,30,22.60619,120.30437
611,501208028,管仲沱江街口,前鎮區,16,22.60632,120.31198
612,501208029,獅甲社區(興仁國中棒球場),前鎮區,15,22.60203,120.30339
613,501208030,捷運獅甲站(2號出口),前鎮區,38,22.6058,120.30857
614,501208031,中山時代大道口(西北角),前鎮區,28,22.59878,120.31339
615,501208032,新光成功路口,前鎮區,34,22.6103,120.29925
616,501208033,光華公園,前鎮區,41,22.60855,120.31644
617,501208034,夢時代購物中心,前鎮區,19,22.59586,120.30493
618,501208035,捷運草衙站(1號出口),前鎮區,28,22.57953,120.32902
619,501208036,佛公國小,前鎮區,27,22.57382,120.32004
620,501208037,高雄市漁民服務中心,前鎮區,28,22.57217,120.31748
621,501208038,捷運前鎮高中站(1號出口),前鎮區,24,22.58815,120.32193
622,501208039,原住民故事館,前鎮區,22,22.59392,120.31624
623,501208040,中四中一路口,前鎮區,10,22.60169,120.29173
624,501208041,中鋼會館,前鎮區,15,22.60411,120.30253
625,501208042,朝陽寺,前鎮區,16,22.57751,120.32204
626,501208043,前鎮國中,前鎮區,16,22.58311,120.32035
627,501208044,五甲公園,前鎮區,15,22.59553,120.32199
628,501208045,台鋁廣場(成功二路),前鎮區,32,22.60336,120.30201
629,501208046,管仲民裕路口,前鎮區,16,22.60557,120.31267
630,501208047,瑞祥高中(凱旋四路),前鎮區,30,22.60311,120.32405
631,501208048,民權少康街口,前鎮區,23,22.60933,120.3131
632,501208049,興仁國中,前鎮區,16,22.58682,120.31382
633,501208050,瑞豐國中,前鎮區,20,22.6091,120.33057
634,501208051,輕軌軟體園區站,前鎮區,30,22.60517,120.30069
635,501208052,輕軌凱旋中華站,前鎮區,16,22.59352,120.31129
636,501208053,新光中山路口,前鎮區,21,22.61213,120.30491
637,501208054,中華忠勤路口,前鎮區,28,22.60527,120.30493
638,501208055,班超公園,前鎮區,20,22.60096,120.32557
639,501208056,二聖公園,前鎮區,27,22.61385,120.3183
640,501208057,高雄市政府消防局,前鎮區,28,22.59309,120.30735
641,501208058,聖和公園,前鎮區,16,22.61211,120.32349
642,501208059,高雄市圖書館總館,前鎮區,29,22.61061,120.3021
643,501208060,瑞豐公車總站,前鎮區,16,22.60614,120.33876
644,501208061,輕軌凱旋瑞田站,前鎮區,21,22.59916,120.31989
645,501208062,輕軌前鎮之星站,前鎮區,16,22.59634,120.31537
646,501208063,前鎮民權公園,前鎮區,16,22.61351,120.31397
647,501208064,北一路西十一街口,前鎮區,20,22.60535,120.28848
648,501208065,高雄加工出口區員工宿舍(擴建路),前鎮區,10,22.59091,120.30436
649,501208066,臨加東臨加北路口,前鎮區,12,22.57796,120.31958
650,501208067,新正薪醫院,前鎮區,10,22.60797,120.31802
651,501208068,前鎮高中(樹人路側),前鎮區,10,22.58756,120.32066
652,501208069,康定康定路166巷口,前鎮區,10,22.58932,120.31634
653,501208070,漁港草衙二路口,前鎮區,20,22.58156,120.32284
654,501208071,國慶明龍街口,前鎮區,11,22.58754,120.338
655,501208072,前鎮圖書館,前鎮區,14,22.60247,120.33341
656,501208073,一心和平二路口,前鎮區,20,22.607,120.32026
657,501208074,瑞福路公共停車場,前鎮區,19,22.6077,120.33543
658,501208075,英德街公有民營停車場,前鎮區,12,22.61387,120.32246
659,501208076,光華國中(和平二路),前鎮區,15,22.61156,120.32244
660,501208077,獅甲社區,前鎮區,10,22.60331,120.30569
661,501208078,正勤停車場,前鎮區,19,22.60431,120.30914
662,501208079,成功特殊教育學校,前鎮區,12,22.60568,120.30235
663,501208080,輕軌機廠站,前鎮區,14,22.60884,120.32543
664,501208081,輕軌凱旋二聖站,前鎮區,20,22.61174,120.32676
665,501208082,林森中華五路口,前鎮區,10,22.60955,120.30361
666,501208083,環區一環區四路口,前鎮區,11,22.58896,120.29666
667,501208084,瑞崗兒童遊戲場,前鎮區,11,22.60625,120.3315
668,501208085,獅甲公園,前鎮區,17,22.61215,120.30641
669,501208086,愛群國小,前鎮區,24,22.61507,120.31296
670,501208087,捷運三多商圈站(3號出口),前鎮區,31,22.61323,120.30492
671,501208088,凱旋一心一路口,前鎮區,20,22.60532,120.32478
672,501208089,西山兒童遊戲場,前鎮區,16,22.60967,120.31034
673,501208090,凱興凱旺街口,前鎮區,15,22.59235,120.32181
674,501208091,高雄軟體園區,前鎮區,30,22.60462,120.299387
675,501208092,三多桂林街口,前鎮區,15,22.61763,120.31566
676,501208093,鎮東公園,前鎮區,17,22.59208,120.30916
677,501208094,育群兒童遊戲場,前鎮區,16,22.60513,120.32202
678,501208095,勞工公園,前鎮區,25,22.60648,120.31005
679,501208096,廣西梧州街口,前鎮區,14,22.6152,120.31571
680,501208097,樂群國小,前鎮區,20,22.60746,120.32297
681,501208098,高雄捷運股份有限公司,前鎮區,15,22.58298,120.33272
682,501208099,中華中華五路939巷口,前鎮區,15,22.60057,120.30646
683,501208100,興東公園,前鎮區,19,22.61096,120.31494
684,501208102,時代大道時代南二路口,前鎮區,18,22.59741,120.31114
685,501208103,瑞南公園(瑞南街),前鎮區,15,22.59577,120.31737
686,501208104,文小九公園(鎮東五街),前鎮區,14,22.58878,120.3114
687,501208105,興仁公園(興旺路),前鎮區,15,22.58612,120.31107
688,501208106,民瑞中山三路口,前鎮區,16,22.60426,120.30989
689,501208107,光華鄭和南路口,前鎮區,19,22.60531,120.31585
690,501208108,籬仔內公園,前鎮區,19,22.60507,120.31976
691,501208109,翠亨北漁港路口,前鎮區,17,22.58407,120.3252
692,501208110,瑞祥高中(忠誠路),前鎮區,20,22.60045,120.32398
693,501208111,修文一心二路口,前鎮區,15,22.611899,120.309591
694,501208112,漁港南一興漁三路口,前鎮區,32,22.56726,120.31593
695,501208113,環區一南二路口,前鎮區,20,22.59753,120.29395
696,501208114,環區四南二路口,前鎮區,20,22.59588,120.29137
697,501208115,臨海工業區前鎮園區公園,前鎮區,15,22.58196,120.31645
698,501209001,捷運巨蛋站(2號出口),鼓山區,40,22.66483,120.3031
699,501209002,龍華國小,鼓山區,20,22.65493,120.29745
700,501209003,明誠馬卡道路口(東南側),鼓山區,14,22.66249,120.28539
701,501209004,明誠裕國街口,鼓山區,15,22.66104,120.29351
702,501209005,博愛大順路口,鼓山區,18,22.65588,120.30321
703,501209006,小鹿公園,鼓山區,19,22.65729,120.29128
704,501209007,民康兒童公園,鼓山區,15,22.66201,120.29435
705,501209008,捷運凹子底站(4號出口),鼓山區,86,22.65938,120.30286
706,501209009,美術東四美術北五街口(北側),鼓山區,20,22.66429,120.29039
707,501209010,內惟公園(新疆路側),鼓山區,14,22.65649,120.27758
708,501209011,凹子底森林公園(龍德路側),鼓山區,25,22.66042,120.29724
709,501209012,凹子底森林公園(明誠三路側),鼓山區,21,22.66099,120.29911
710,501209013,華榮慶豐路口,鼓山區,15,22.66789,120.29571
711,501209014,中華一路161巷口,鼓山區,12,22.66309,120.29286
712,501209015,逢甲翠華路397巷口(東南側),鼓山區,15,22.66316,120.28422
713,501209016,青海美術東二路口(西北側),鼓山區,29,22.65145,120.28775
714,501209017,美術東四美術東七街口(東北側),鼓山區,13,22.66205,120.29041
715,501209018,美術東二明誠路口(西南側),鼓山區,20,22.66118,120.28836
716,501209019,皮克尼克公園,鼓山區,25,22.65438,120.28801
717,501209020,鼓山高中,鼓山區,20,22.65136,120.27503
718,501209021,青海九如路口(東北側),鼓山區,14,22.65182,120.27927
719,501209022,哨船安海街口(東側),鼓山區,10,22.61905,120.26924
720,501209023,捷運西子灣站(2號出口),鼓山區,27,22.62118,120.27523
721,501209024,濱海臨海路口(西南側),鼓山區,22,22.62364,120.26987
722,501209025,哨船頭公園,鼓山區,15,22.61845,120.26877
723,501209026,捷運西子灣站(1號出口),鼓山區,17,22.622126,120.273481
724,501209027,中華藝校(美術東一路),鼓山區,19,22.65603,120.28881
725,501209028,鼓山分局新濱派出所,鼓山區,28,22.62226,120.27547
726,501209029,華榮公園,鼓山區,53,22.66444,120.2969
727,501209030,凹子底森林公園(神農路),鼓山區,18,22.65787,120.29659
728,501209031,凹子底森林公園(至聖路),鼓山區,30,22.65961,120.29684
729,501209032,西子灣風景區,鼓山區,28,22.61824,120.26609
730,501209033,南屏大順路口,鼓山區,20,22.65578,120.29991
731,501209034,青海鼓山路口,鼓山區,15,22.65173,120.27629
732,501209035,哈瑪星鐵道文化園區(臨海新路),鼓山區,28,22.62034,120.27711
733,501209036,一號船渠景觀橋,鼓山區,16,22.62079,120.27013
734,501209037,願景橋,鼓山區,16,22.65081,120.28753
735,501209038,雄峰公園,鼓山區,16,22.66754,120.2853
736,501209039,中山大學社科院,鼓山區,30,22.62617,120.26504
737,501209040,中山大學海工館,鼓山區,31,22.62875,120.26259
738,501209041,明誠高中(華寧路),鼓山區,16,22.66748,120.29228
739,501209042,鼓山國小(臨海二路),鼓山區,15,22.62329,120.27155
740,501209043,龍勝大順路口,鼓山區,25,22.65452,120.29565
741,501209044,厚泰公有停車場西側,鼓山區,15,22.64616,120.2787
742,501209045,鼓山鼓山一路119巷口,鼓山區,16,22.62785,120.27937
743,501209046,台鐵美術館車站,鼓山區,22,22.65204,120.28111
744,501209049,輕軌內惟藝術中心,鼓山區,20,22.655019,120.282409
745,501209050,中華一路828號南側,鼓山區,13,22.66002,120.29209
746,501209051,中山大學工學院,鼓山區,24,22.62666,120.26659
747,501209052,中山大學圖資大樓,鼓山區,22,22.62708,120.26611
748,501209053,中華美術北三路口北側,鼓山區,20,22.66267,120.29222
749,501209054,中山大學材料大樓,鼓山區,10,22.6271,120.26689
750,501209055,裕興華泰路185巷口,鼓山區,14,22.66984,120.29242
751,501209056,裕誠美術館路口,鼓山區,15,22.65484,120.294
752,501209057,鼓山區戶政事務所第二辦公處,鼓山區,10,22.66743,120.28952
753,501209058,裕誠富農路口,鼓山區,15,22.65657,120.29406
754,501209060,西藏翠華路口,鼓山區,20,22.6549,120.28159
755,501209061,中華郵政前峰郵局,鼓山區,13,22.66828,120.28631
756,501209062,鼓山國小(登山街),鼓山區,15,22.6244,120.27227
757,501209063,明華國中(南屏路),鼓山區,24,22.66238,120.30016
758,501209064,雄峰公園(鼓山三路),鼓山區,15,22.66763,120.28224
759,501209065,河邊興隆路口,鼓山區,15,22.63651,120.28384
760,501209066,美術東二美術北三路口,鼓山區,14,22.66324,120.28868
761,501209067,綠川河川街口,鼓山區,15,22.63529,120.28377
762,501209068,翠華日昌路口,鼓山區,17,22.65873,120.28213
763,501209069,中山大學體育館,鼓山區,18,22.62513,120.26607
764,501209070,中山大學西灣藝廊,鼓山區,17,22.62727,120.26503
765,501209071,中山大學海資館,鼓山區,17,22.63037,120.26234
766,501209072,龍德新自由一路口,鼓山區,20,22.65477,120.30712
767,501209073,青海公園,鼓山區,15,22.65147,120.28369
768,501209074,輕軌馬卡道站,鼓山區,23,22.64757,120.28133
769,501209075,內惟國小(鼓山三路),鼓山區,16,22.656564,120.275422
770,501209076,高雄市立圖書館鼓山分館,鼓山區,13,22.65351,120.27568
771,501209077,前峰兒童遊戲場,鼓山區,15,22.66554,120.28434
772,501209078,中華一青海路口,鼓山區,13,22.65109,120.29174
773,501209079,內惟車站(翠華路),鼓山區,25,22.66621,120.28705
774,501209080,內惟車站(馬卡道路),鼓山區,21,22.6654,120.28703
775,501209081,翠華葆楨路口,鼓山區,15,22.66118,120.28349
776,501209082,桃子園鼓山三路(東南側),鼓山區,30,22.67119,120.28554
777,501209083,中華翠華路口,鼓山區,20,22.6676,120.28816
778,501209084,美術北三馬卡道路口,鼓山區,20,22.66424,120.28617
779,501209085,鼓山車站,鼓山區,16,22.64183,120.28051
780,501209086,龍德新新順路口,鼓山區,18,22.6544,120.30567
781,501209087,七賢國中(美術東四路),鼓山區,21,22.65871,120.29012
782,501209088,壽山國中,鼓山區,15,22.63287,120.27845
783,501209090,富農龍德路口,鼓山區,14,22.65648,120.29743
784,501209091,美術東四美術東一路口,鼓山區,16,22.65589,120.29018
785,501209092,內惟公園(九如四路側),鼓山區,16,22.658,120.27881
786,501209093,大榮高中,鼓山區,15,22.65306,120.27919
787,501209094,青海美術東四路口,鼓山區,16,22.65128,120.28923
788,501209095,中華美明路口,鼓山區,14,22.66475,120.29209
789,501209096,鼓山鼓山三路209巷口,鼓山區,15,22.66511,120.28037
790,501209097,鼓山鼓山三路153巷口,鼓山區,15,22.66241,120.27796
791,501209098,壽山動物園停車場,鼓山區,15,22.6347,120.28037
792,501210001,捷運世運站(2號出口),楠梓區,20,22.7023,120.30228
793,501210002,捷運油廠國小站(2號出口),楠梓區,20,22.70913,120.30199
794,501210003,歡樂17停車場,楠梓區,15,22.71038,120.29273
795,501210004,七號公園(加昌路側),楠梓區,20,22.7148,120.29619
796,501210005,加昌兒童遊戲場,楠梓區,20,22.71832,120.29659
797,501210006,大學西路口(第一綜合大樓),楠梓區,31,22.73017,120.2785
798,501210007,藍田公園(高雄大學路側),楠梓區,15,22.72868,120.28499
799,501210008,土庫清豐二路口東北側,楠梓區,28,22.73624,120.33012
800,501210009,楠梓國小,楠梓區,14,22.73277,120.32813
801,501210010,楠梓區公所,楠梓區,15,22.7287,120.32639
802,501210011,楠陽國小,楠梓區,15,22.72495,120.32998
803,501210012,高雄少年及家事法院,楠梓區,15,22.73101,120.33545
804,501210013,惠民里集會所,楠梓區,15,22.73217,120.32287
805,501210014,惠民公有停車場,楠梓區,15,22.72336,120.29414
806,501210015,仁昌里公園,楠梓區,15,22.72223,120.29432
807,501210016,德民藍昌路口東側,楠梓區,15,22.72198,120.29105
808,501210017,加昌國小(智群路側),楠梓區,14,22.71991,120.29794
809,501210018,榮新加昌路口南側,楠梓區,14,22.71437,120.29733
810,501210019,捷運都會公園站(3號出口),楠梓區,25,22.73046,120.321
811,501210020,高雄都會公園(德民路側),楠梓區,15,22.73099,120.31599
812,501210021,後勁公園,楠梓區,19,22.72369,120.31642
813,501210022,楠梓和平公園,楠梓區,15,22.72233,120.31245
814,501210023,捷運楠梓加工區站(2號出口),楠梓區,22,22.71834,120.30671
815,501210024,翠屏里活動中心(德賢路530巷口),楠梓區,15,22.72715,120.30192
816,501210025,普同精舍,楠梓區,14,22.72754,120.29801
817,501210026,德民路356巷德賢路口西北側,楠梓區,15,22.72677,120.3045
818,501210027,楠梓高中,楠梓區,61,22.74456,120.3313
819,501210028,清豐公園,楠梓區,15,22.73525,120.33663
820,501210029,清豐公有停車場,楠梓區,13,22.73786,120.32761
821,501210030,幸福新城,楠梓區,16,22.72337,120.2913
822,501210031,秀群加宏路口東側,楠梓區,18,22.71873,120.2988
823,501210032,右昌元帥府,楠梓區,15,22.71077,120.2894
824,501210033,右昌國中,楠梓區,14,22.71328,120.28675
825,501210034,捷運楠梓加工出口區站(1號出口),楠梓區,42,22.71857,120.30616
826,501210035,加昌國小,楠梓區,24,22.72149,120.29659
827,501210036,捷運都會公園站(4號出口),楠梓區,27,22.73021,120.32053
828,501210037,國立高雄科技大學第一校區,楠梓區,20,22.7527,120.33139
829,501210038,高雄市立圖書館右昌分館,楠梓區,17,22.71558,120.29021
830,501210039,高雄大學,楠梓區,29,22.73263,120.28425
831,501210040,市立中山高級中學(藍田路側),楠梓區,52,22.72736,120.29195
832,501210041,高雄市區監理所,楠梓區,15,22.73113,120.31704
833,501210042,德賢德惠路口西北側,楠梓區,28,22.72623,120.3025
834,501210043,捷運後勁站(1號出口),楠梓區,17,22.72254,120.3164
835,501210044,臺灣高雄少年及家事法院(常順街),楠梓區,16,22.73261,120.33512
836,501210045,清豐土庫路口,楠梓區,16,22.73629,120.33146
837,501210046,七號公園(加宏路側),楠梓區,20,22.71768,120.29551
838,501210047,國昌國中,楠梓區,16,22.71917,120.286
839,501210048,捷運油廠國小站(1號出口),楠梓區,13,22.70783,120.30205
840,501210049,翠屏兒童遊戲場,楠梓區,10,22.72849,120.30123
841,501210050,楠梓車站,楠梓區,30,22.72691,120.32452
842,501210051,高雄大學理學院南側,楠梓區,15,22.73514,120.2859
843,501210052,高雄大學社科院西側,楠梓區,17,22.73591,120.28088
844,501210053,高雄大學第一宿舍東側,楠梓區,32,22.73584,120.27799
845,501210054,高雄大學(大學西路側),楠梓區,23,22.7321,120.27641
846,501210055,楠梓區九號公園,楠梓區,14,22.71652,120.28292
847,501210056,益群橋東南側,楠梓區,13,22.72562,120.29663
848,501210057,榮新公園西南側,楠梓區,17,22.71245,120.29849
849,501210058,樂活公園(大學二十六街),楠梓區,15,22.72603,120.27559
850,501210059,大學二十一路公園,楠梓區,15,22.72133,120.27759
851,501210060,外環西加昌路口,楠梓區,17,22.7162,120.30093
852,501210061,外環西創意南路口,楠梓區,20,22.71328,120.30215
853,501210062,創新公園,楠梓區,15,22.74228,120.32623
854,501210063,立民公有停車場,楠梓區,30,22.74212,120.33665
855,501210064,高雄市立圖書館楠仔坑分館,楠梓區,17,22.73139,120.32888
856,501210065,清福公園,楠梓區,10,22.7411,120.32938
857,501210066,楠梓游泳池,楠梓區,20,22.73366,120.33155
858,501210067,新建南新開發路口,楠梓區,16,22.72343,120.31012
859,501210068,中央開發路口,楠梓區,14,22.72126,120.30479
860,501210069,經六開發路口,楠梓區,15,22.72016,120.30102
861,501210070,研發創意北路口,楠梓區,20,22.714,120.29985
862,501210071,中央中三街口,楠梓區,13,22.72425,120.30351
863,501210072,國昌里公園,楠梓區,15,22.72128,120.28757
864,501210073,世運大道,楠梓區,14,22.701,120.29822
865,501210075,楠梓路1巷楠梓路口,楠梓區,10,22.72758,120.32961
866,501210076,芎蕉公園,楠梓區,16,22.7498,120.32886
867,501210077,大學三十二街公園,楠梓區,15,22.73132,120.29237
868,501210078,大學西大學十街口,楠梓區,15,22.72434,120.28149
869,501210079,高雄科大第一西校區游泳池,楠梓區,17,22.75479,120.33151
870,501210080,高雄科大第一東校區財金學院,楠梓區,15,22.75561,120.33461
871,501210081,高雄科大第一東校區校門,楠梓區,12,22.75864,120.33616
872,501210082,高雄科大第一東校區第三停車場,楠梓區,18,22.75725,120.33957
873,501210083,右昌國小(後昌路),楠梓區,16,22.71564,120.29291
874,501210084,右昌森林公園(後昌新路58巷),楠梓區,15,22.71957,120.29289
875,501210085,下鹽田三欉榕公園(大學十一街),楠梓區,15,22.7261,120.28755
876,501210086,援中德中路口(西南側),楠梓區,15,22.72091,120.28032
877,501210087,盛泰公園,楠梓區,15,22.73094,120.33152
878,501210088,高雄大學管理學院,楠梓區,20,22.7331,120.28754
879,501210089,高雄大學(大學南路側),楠梓區,17,22.73256,120.28986
880,501210090,鳳楠經建路口,楠梓區,15,22.72275,120.3314
881,501210091,大昌無菸公園,楠梓區,15,22.7082,120.28913
882,501210092,廣昌公園,楠梓區,14,22.7059,120.28704
883,501210093,楠梓特殊學校,楠梓區,20,22.72803,120.31277
884,501210094,創新芎林一街口,楠梓區,16,22.75039,120.33146
885,501210095,高雄大學行政大樓,楠梓區,20,22.73464,120.28345
886,501210096,援中港濕地公園,楠梓區,14,22.72103,120.25875
887,501210097,中和兒童公園,楠梓區,20,22.72308,120.28085
888,501210098,宏昌兒童遊戲場(加宏路191巷),楠梓區,17,22.71557,120.29465
889,501210099,惠智惠勇街口,楠梓區,15,22.73497,120.32385
890,501210100,大學援中路68巷口,楠梓區,15,22.72798,120.2946
891,501210101,愛國超市(德賢店),楠梓區,15,22.72678,120.30758
892,501210102,高雄大學活動中心,楠梓區,20,22.73223,120.280473
893,501210103,金富金和街口,楠梓區,20,22.72601,120.31947
894,501210104,經一東三街口,楠梓區,20,22.72155,120.30875
895,501210105,莒光國小(後昌路782巷),楠梓區,15,22.71142,120.29635
896,501210106,楠梓文中足球場,楠梓區,15,22.7254,120.28589
897,501210107,楠梓國中,楠梓區,20,22.73592,120.32599
898,501210108,土庫公園,楠梓區,15,22.73723,120.33301
899,501210109,都會公園停車場(德民路),楠梓區,15,22.73242,120.31912
900,501210110,惠義惠心街口,楠梓區,20,22.7309,120.32448
901,501210111,援中大學十七街口,楠梓區,30,22.72279,120.2847
902,501210112,中山高級中學(藍昌路側),楠梓區,16,22.7296,120.29214
903,501210113,內環南經五路口,楠梓區,13,22.71752,120.30334
904,501210114,經四開發路口,楠梓區,16,22.7211,120.30347
905,501210115,中三經五路口,楠梓區,18,22.72344,120.30111
906,501211001,高雄科技大學旗津校區,旗津區,38,22.60825,120.27226
907,501211002,高雄市立旗津醫院(旗港路),旗津區,15,22.59014,120.28519
908,501211003,中洲渡輪船站,旗津區,10,22.57561,120.29897
909,501211004,旗津漁港公有停車場,旗津區,15,22.58977,120.28719
910,501211005,旗津貝殼館,旗津區,19,22.60076,120.27464
911,501211006,旗津海水浴場,旗津區,17,22.61079,120.26758
912,501211007,旗津海岸公園停車場,旗津區,19,22.60899,120.26898
913,501212001,宏平大鵬路口,小港區,16,22.56976,120.35799
914,501212002,捷運小港站(2號出口),小港區,14,22.56413,120.3546
915,501212003,捷運小港站(1號出口),小港區,15,22.5638,120.35461
916,501212004,德平街兒童遊戲場,小港區,16,22.56417,120.34968
917,501212005,高雄公園(中山四路),小港區,15,22.56934,120.34667
918,501212006,大業北二苓路口,小港區,15,22.56574,120.346
919,501212007,合作公園(金城路),小港區,16,22.58215,120.3657
920,501212008,合作公園(勝安街),小港區,12,22.58215,120.36422
921,501212009,中山國中(漢民路),小港區,17,22.56675,120.35482
922,501212010,高雄宏平郵局,小港區,12,22.56992,120.35963
923,501212011,漢民公園(漢民路),小港區,30,22.56676,120.3581
924,501212012,華立兒童公園,小港區,13,22.56402,120.36853
925,501212013,高餐大附中,小港區,23,22.56627,120.37218
926,501212014,高雄市社教館,小港區,21,22.5652,120.35862
927,501212015,捷運高雄國際機場站(1號出口),小港區,28,22.56942,120.34373
928,501212016,捷運小港站(4號出口),小港區,27,22.56479,120.35366
929,501212017,平和路公共停車場,小港區,28,22.56274,120.33546
930,501212018,翠平公園,小港區,19,22.57001,120.33575
931,501212019,步道公園,小港區,16,22.564751,120.33148
932,501212020,空中大學,小港區,15,22.56657,120.3455
933,501212021,桂陽公園,小港區,32,22.58196,120.3506
934,501212022,臨海兒童公園,小港區,16,22.5582,120.33553
935,501212023,中鋼台船,小港區,27,22.55414,120.34757
936,501212024,小港醫院,小港區,29,22.56772,120.36281
937,501212025,小港森林公園(華山路),小港區,15,22.56779,120.3666
938,501212026,小港區公所,小港區,23,22.56507,120.33839
939,501212027,山明北林路口,小港區,15,22.56559,120.36428
940,501212028,小港森林公園(高松路),小港區,15,22.57278,120.36673
941,501212029,小港森林公園(近營口路),小港區,15,22.57263,120.37074
942,501212030,中安保華一路口,小港區,15,22.58398,120.3462
943,501212031,高雄市立圖書館小港分館,小港區,15,22.56063,120.37032
944,501212032,明義國中(高鳳路),小港區,16,22.5843,120.36867
945,501212033,莿蔥腳濕地公園,小港區,10,22.5708,120.37627
946,501212034,中光街22巷口停車場,小港區,15,22.57151,120.3558
947,501212035,崇本崇明街10巷口,小港區,10,22.57131,120.33342
948,501212036,大坪頂公園,小港區,12,22.56329,120.38845
949,501212037,坪頂國小,小港區,10,22.56125,120.3914
950,501212038,高雄市熱帶植物園,小港區,10,22.55578,120.38895
951,501212039,松崗停車場,小港區,15,22.57477,120.37397
952,501212040,高坪五十路口,小港區,12,22.55557,120.38614
953,501212041,天順港福街29巷口,小港區,11,22.56851,120.33423
954,501212043,捷運小港站(3號出口),小港區,21,22.56593,120.35301
955,501212044,泰山兒童遊戲場,小港區,12,22.57177,120.363
956,501212045,小港森林公園(秀峰街),小港區,20,22.56809,120.37071
957,501212046,宏平沿海一路口,小港區,20,22.56947,120.35013
958,501212047,宏光宏智街口,小港區,20,22.5694,120.36317
959,501212048,餐旅大學(松信路),小港區,40,22.5608,120.37361
960,501212049,台機大地街口,小港區,30,22.56108,120.34757
961,501212050,孔宅兒童遊戲場,小港區,15,22.58032,120.37162
962,501212051,宏平金府路口,小港區,16,22.56973,120.3544
963,501212052,店鎮公園,小港區,15,22.56059,120.35516
964,501212053,中安德仁路口,小港區,15,22.584838,120.34914
965,501212054,高坪高坪二十二路口,小港區,15,22.55453,120.37688
966,501212055,大苓里公園,小港區,16,22.56735,120.34802
967,501212056,廈莊兒童公園,小港區,15,22.58213,120.3611
968,501212057,漢民宮安街口,小港區,15,22.56269,120.34965
969,501212058,永忠兒童遊戲場,小港區,15,22.56442,120.36654
970,501212059,松樂松光街95巷口,小港區,14,22.56861,120.37758
971,501212060,孔鳳兒童遊戲場,小港區,12,22.58239,120.35749
972,501212061,桂林兒童遊戲場,小港區,16,22.58049,120.35403
973,501212062,小港國中,小港區,22,22.56632,120.33854
974,501212063,中安桂平街口,小港區,16,22.58499,120.35237
975,501213001,蚵仔寮觀光魚市,梓官區,14,22.72712,120.25552
976,501213002,蚵寮國中,梓官區,8,22.72855,120.25866
977,501213003,中正港六街口,梓官區,10,22.72758,120.25737
978,501213004,蚵寮國小,梓官區,10,22.73401,120.24953
979,501213005,梓官國小,梓官區,10,22.76037,120.26453
980,501213006,梓平公園,梓官區,10,22.75463,120.2675
981,501213007,梓和公園,梓官區,10,22.75757,120.26493
982,501213008,梓官老人日照中心,梓官區,15,22.75913,120.26859
983,501213009,大舍南大舍南路96巷口,梓官區,12,22.74494,120.26227
984,501213010,梓信社區活動中心,梓官區,15,22.76458,120.26438
985,501213011,信蚵里社區聯合活動中心,梓官區,15,22.72949,120.25465
986,501214001,後備指揮部,仁武區,13,22.6722145,120.3313256
987,501214002,古文物公園,仁武區,15,22.6789356,120.3453803
988,501214003,慈惠公園,仁武區,15,22.6763956,120.3478232
989,501214005,仁慈公園,仁武區,16,22.671871,120.357746
990,501214006,北屋滯洪公園,仁武區,14,22.68048,120.33415
991,501214007,承德公園,仁武區,12,22.6846057,120.3424083
992,501214008,八卦國小,仁武區,14,22.6898618,120.332586
993,501214009,八德停車場,仁武區,13,22.681023,120.340181
994,501214010,高楠五高楠四街口,仁武區,10,22.6921003,120.3244006
995,501214011,仁和公園,仁武區,16,22.6811,120.3518
996,501214012,大灣國中,仁武區,15,22.67661,120.34195
997,501214013,八卦休閒公園,仁武區,16,22.69011,120.33742
998,501214015,仁武區運動公園,仁武區,15,22.70363,120.34514
999,501214016,八卦里滯洪公園,仁武區,14,22.68353,120.32904
1000,501214017,霞海東二霞海中街口,仁武區,11,22.68857,120.32424
1001,501214018,育才公21停車場,仁武區,15,22.67429,120.35095
1002,501214019,勇全赤誠街口,仁武區,14,22.6733,120.34436
1003,501214020,八德一八德中路口,仁武區,20,22.68704,120.33655
1004,501214021,澄合段停九停車場,仁武區,15,22.687501,120.347001
1005,501214022,文武公園,仁武區,12,22.69664,120.35095
1006,501214023,中華里活動中心,仁武區,13,22.70836,120.3276
1007,501214024,仁和南中正路口,仁武區,12,22.70142,120.34811
1008,501214025,高鐵左營基地,仁武區,15,22.69517,120.32092
1009,501214026,八德東八德南路口,仁武區,13,22.68467,120.33969
1010,501214027,八德重劃公園,仁武區,15,22.68227,120.34359
1011,501214028,九番埤濕地公園,仁武區,17,22.68582,120.32458
1012,501214029,霞海榮總路522巷口,仁武區,12,22.68776,120.32316
1013,501214030,八卦里公有停車場,仁武區,15,22.68265,120.33192
1014,501214031,仁林中華路口,仁武區,17,22.703,120.35422
1015,501214032,九番埤濕地公園(霞海南二街),仁武區,15,22.68103,120.32428
1016,501214033,大灣綜合活動中心,仁武區,16,22.67647,120.33775
1017,501214034,後安羽球館,仁武區,18,22.70859,120.34766
1018,501215001,林園行政中心,林園區,14,22.51305,120.39468
1019,501215002,幸福公園,林園區,17,22.500539,120.3947778
1020,501215003,中芸國小,林園區,20,22.48822,120.39583
1021,501215004,林園區衛生所,林園區,14,22.5081,120.39472
1022,501215005,王公國小,林園區,16,22.5056396,120.3886269
1023,501215006,清水巖榕樹休憩公園,林園區,10,22.52183,120.39078
1024,501215007,漁港公園,林園區,10,22.48594,120.39934
1025,501215008,海洋濕地公園,林園區,14,22.49028,120.38649
1026,501215009,田中央公園,林園區,15,22.50167,120.38878
1027,501215010,沿海工業一路口,林園區,15,22.4991,120.40603
1028,501216001,醒村(後門),岡山區,18,22.78321,120.28477
1029,501216002,河華岡山路口南側,岡山區,13,22.80149,120.29199
1030,501216003,岡山國中(岡燕路),岡山區,15,22.79171,120.30389
1031,501216004,岡山公園(壽華路側),岡山區,15,22.79684,120.29312
1032,501216005,岡山高中,岡山區,30,22.79695,120.29085
1033,501216006,仁壽橋(溪東路側),岡山區,18,22.79372,120.2907
1034,501216007,第六河川局,岡山區,17,22.79039,120.28733
1035,501216008,仁壽橋(阿公店路二段側),岡山區,13,22.7945,120.28989
1036,501216009,岡山和平公園,岡山區,15,22.797826,120.302277
1037,501216011,岡山國中(大德二路側),岡山區,15,22.78972,120.3038
1038,501216012,岡山區戶政事務所,岡山區,15,22.7975,120.29459
1039,501216013,岡山河堤公園(仁義路側),岡山區,15,22.78609,120.2951
1040,501216014,岡山稽徵所(健鷹南路側),岡山區,14,22.78505,120.29093
1041,501216015,勵志新城(岡山路側),岡山區,19,22.79048,120.29611
1042,501216016,岡山文化中心停車場,岡山區,15,22.78437,120.29733
1043,501216017,中華民國空軍第三後勤指揮部,岡山區,15,22.78448,120.27589
1044,501216018,航空教育展示館,岡山區,10,22.79462,120.27131
1045,501216019,台灣滷味博物館停車場,岡山區,10,22.81849,120.26778
1046,501216020,岡山車站,岡山區,34,22.7929,120.29921
1047,501216021,捷運南岡山站(2號出口),岡山區,38,22.78133,120.30169
1048,501216022,岡山國小,岡山區,16,22.79109,120.29305
1049,501216023,河華前峰路口,岡山區,21,22.79871,120.28387
1050,501216024,岡山平面停車場,岡山區,24,22.79183,120.2962
1051,501216025,典寶溪A區滯洪池,岡山區,10,22.78193,120.28615
1052,501216026,大遼友情路口(西北側),岡山區,10,22.77847,120.31373
1053,501216027,前峰國中,岡山區,10,22.78879,120.28904
1054,501216028,竹圍國小,岡山區,17,22.80314,120.30185
1055,501216029,光潭路134巷光潭路116巷口,岡山區,15,22.77728,120.27593
1056,501216030,空軍軍史館,岡山區,30,22.78466,120.27211
1057,501216031,鹽埔農村社區活動中心,岡山區,15,22.77054,120.28138
1058,501216032,典寶溪A區滯洪池(清水路),岡山區,15,22.77876,120.28254
1059,501216033,岡山陽明公園,岡山區,15,22.78568,120.28565
1060,501216034,河華壽華路口,岡山區,13,22.80123,120.29121
1061,501216035,夢-飛翔公園,岡山區,15,22.78362,120.30382
1062,501216036,前峰國小,岡山區,15,22.79152,120.28316
1063,501216037,正氣兒童公園,岡山區,15,22.80929,120.28135
1064,501216039,本洲里活動中心,岡山區,15,22.8098,120.26129
1065,501216040,壽天國小,岡山區,17,22.7993,120.29165
1066,501216041,台上里活動中心,岡山區,15,22.80618,120.29687
1067,501216042,岡山文化中心(後門),岡山區,25,22.78258,120.29933
1068,501217001,興達港情人碼頭,茄萣區,13,22.87902,120.21103
1069,501217002,興達港立體停車場,茄萣區,10,22.87154,120.19391
1070,501217003,興達國小,茄萣區,8,22.87568,120.19685
1071,501217004,茄萣海岸公園,茄萣區,15,22.90801,120.17704
1072,501217005,仁愛港東街口,茄萣區,10,22.89582,120.18502
1073,501217006,茄萣濕地遊客中心,茄萣區,20,22.88315,120.19759
1074,501217007,茄萣國中,茄萣區,15,22.906916,120.18189
1075,501218001,正修科技大學東側,鳥松區,20,22.6493381,120.3508555
1076,501218002,大埤調洪公園,鳥松區,15,22.651472,120.339795
1077,501218003,大華里民活動中心,鳥松區,18,22.6553456,120.3409911
1078,501218004,澄清湖,鳥松區,29,22.65356,120.34928
1079,501218005,正修科技大學,鳥松區,28,22.6507,120.3488
1080,501218006,文山高中,鳥松區,15,22.64843,120.35398
1081,501218007,澄清湖(海洋奇珍園),鳥松區,13,22.65586,120.35155
1082,501218008,澄清湖(仁智亭),鳥松區,31,22.66249,120.34179
1083,501218009,長庚醫院,鳥松區,16,22.65045,120.35778
1084,501218010,澄清湖(兒童園區),鳥松區,30,22.65811,120.34611
1085,501218011,澄清湖(後門),鳥松區,15,22.66833,120.34591
1086,501218012,澄清湖(第一停車場),鳥松區,29,22.65561,120.34797
1087,501218013,圓山大飯店,鳥松區,15,22.65458,120.34576
1088,501218014,憲兵204指揮部,鳥松區,15,22.64752,120.35974
1089,501218015,三亭攬勝,鳥松區,15,22.66425,120.35258
1090,501218016,育成琅環二街口,鳥松區,15,22.66597,120.35889
1091,501218017,明湖澄湖路口,鳥松區,18,22.6657,120.35407
1092,501218018,鳥松國小,鳥松區,13,22.66405,120.36224
1093,501218019,仁美國小,鳥松區,15,22.6580522,120.394311
1094,501218020,江埤美德二街口,鳥松區,14,22.651945,120.39041
1095,501218021,福德公園,鳥松區,15,22.6591,120.38234
1096,501218022,大埤忠誠路口,鳥松區,15,22.6585,120.36142
1097,501218023,華美里活動中心,鳥松區,15,22.66229,120.39203
1098,501218024,大華夢公園,鳥松區,13,22.65177,120.34355
1099,501219001,永芳公園,大寮區,14,22.60783,120.39459
1100,501219002,慈惠醫院,大寮區,19,22.63868,120.39751
1101,501219003,捷運大寮站(1號出口),大寮區,30,22.62075,120.3907
1102,501219004,山頂國小,大寮區,16,22.60766,120.38841
1103,501219005,中庄國小,大寮區,18,22.63447,120.39736
1104,501219006,中庄國中,大寮區,24,22.63684,120.40186
1105,501219007,新光高中,大寮區,20,22.6348,120.3901
1106,501219008,翁公園,大寮區,18,22.6215,120.40695
1107,501219009,後庄車站,大寮區,22,22.63989,120.39018
1108,501219010,後庄國小,大寮區,15,22.63742,120.38971
1109,501219011,和春技術學院大寮校區,大寮區,15,22.63433,120.39166
1110,501219012,輔英科技大學,大寮區,40,22.60402,120.39113
1111,501219013,和春技術學院大發校區,大寮區,15,22.60659,120.42729
1112,501219014,大寮區公所,大寮區,17,22.6054,120.39546
1113,501219015,昭明國小(鳳林一路184巷),大寮區,13,22.54116,120.4091
1114,501219016,中庄社區發展協會,大寮區,10,22.63309,120.40357
1115,501219017,仁忠仁忠路111巷口,大寮區,20,22.59258,120.39912
1116,501219018,大寮國小,大寮區,12,22.59114,120.41685
1117,501219019,三隆兒童公園,大寮區,10,22.59988,120.40453
1118,501219020,大寮國中,大寮區,17,22.60295,120.39265
1119,501219021,鳳林宣武路口,大寮區,13,22.61385,120.38934
1120,501219022,捷運大寮機廠,大寮區,14,22.62516,120.38725
1121,501219023,大寮運動公園,大寮區,11,22.6005,120.39266
1122,501219024,潮寮國中,大寮區,15,22.56338,120.4257
1123,501219025,琉球黃厝路口,大寮區,13,22.61488,120.40995
1124,501220001,捷運青埔站(1號出口)東側,橋頭區,18,22.74429,120.31788
1125,501220002,橋頭地檢署,橋頭區,17,22.73908,120.3049
1126,501220003,竹林公園,橋頭區,16,22.75629,120.30563
1127,501220004,橋頭車站,橋頭區,20,22.76104,120.31
1128,501220005,橋頭地方法院(新中五街),橋頭區,11,22.73747,120.3042
1129,501220006,岡山養護工程隊,橋頭區,10,22.74555,120.31061
1130,501220007,橋頭地方法院(橋新二路側),橋頭區,16,22.7375,120.3066
1131,501220008,捷運青埔站(1號出口)西側,橋頭區,18,22.74393,120.31747
1132,501220009,捷運橋頭糖廠站(1號出口),橋頭區,13,22.75242,120.31429
1133,501220010,橋頭國中,橋頭區,18,22.75878,120.30694
1134,501220011,一品公園,橋頭區,11,22.7635,120.30188
1135,501220012,小機堡停車場,橋頭區,15,22.75546,120.31301
1136,501220013,橋新一橋新八路口,橋頭區,19,22.73716,120.31441
1137,501220014,橋新七新東一街口,橋頭區,15,22.73898,120.31628
1138,501220015,橋新環新東一街口,橋頭區,16,22.74015,120.31369
1139,501220016,甲圍公園,橋頭區,16,22.73874,120.29647
1140,501220017,仕隆國小,橋頭區,15,22.74999,120.31122
1141,501220018,五林國小,橋頭區,13,22.75927,120.29405
1142,501220019,橋頭國小,橋頭區,14,22.76183,120.30495
1143,501220020,成功南橋新六路口,橋頭區,17,22.74954,120.31411
1144,501220021,橋都新南二街口,橋頭區,19,22.73305,120.30182
1145,501221001,高雄市立圖書館湖內分館,湖內區,10,22.90661,120.2238
1146,501222001,觀音牛路巷公園,大社區,11,22.7276649,120.3510808
1147,501222002,文中二公園,大社區,14,22.73412,120.35125
1148,501222003,金龍路46巷,大社區,10,22.7290485,120.3536578
1149,501222005,中里社區公園,大社區,10,22.72307,120.35237
1150,501222006,觀音山腳休息區,大社區,12,22.72974,120.36987
1151,501222007,大社區公所,大社區,13,22.73,120.34664
1152,501222008,大社國中(中山路),大社區,15,22.73085,120.35566
1153,501223001,彌陀漁民活動中心,彌陀區,10,22.76143,120.2347
1154,501223002,高雄市立圖書館彌陀公園分館,彌陀區,10,22.78538,120.2463
1155,501223003,彌陀國中,彌陀區,15,22.7769,120.24694
1156,501223004,漯底山自然公園,彌陀區,14,22.77105,120.25343
1157,501224001,路竹夜市,路竹區,20,22.853772,120.262693
1158,501224002,高科運動公園,路竹區,15,22.82814,120.25671
1159,501224003,路竹高中,路竹區,15,22.85493,120.25289
1160,501224004,路竹區戶政事務所,路竹區,12,22.85536,120.25962
1161,501224005,路科宿舍,路竹區,15,22.84421,120.2455
1162,501224006,高苑科技大學生化大樓,路竹區,15,22.84299,120.26635
1163,501224007,高苑科技大學視聽大樓,路竹區,30,22.84143,120.26761
1164,501224008,路竹運動公園,路竹區,15,22.86157,120.26654
1165,501224009,大湖車站,路竹區,20,22.87812,120.2539
1166,501224010,樹人醫護管理專科學校,路竹區,18,22.881647,120.260701
1167,501224011,路科六路科一路口,路竹區,20,22.83343,120.26263
1168,501225001,阿蓮國中,阿蓮區,14,22.88531,120.32566
1169,501225002,阿蓮區公所,阿蓮區,13,22.88305,120.32728
1170,501225003,阿蓮國小,阿蓮區,15,22.88278,120.33008
1171,501225004,南蓮停車場,阿蓮區,10,22.87912,120.32976
1172,501226001,舊鐵橋生態公園,大樹區,15,22.66458,120.4272
1173,501226002,舊鐵橋濕地公園,大樹區,15,22.662122,120.426808
1174,501226003,九曲堂火車站(前站),大樹區,32,22.65679,120.42084
1175,501226004,九曲堂火車站(後站),大樹區,15,22.65646,120.42187
1176,501226005,大樹綜合體育館,大樹區,15,22.65668,120.42474
1177,501226006,高雄市立圖書館大樹二館,大樹區,10,22.65792,120.41814
1178,501227001,永安區休閒公園,永安區,10,22.81868,120.22639
1179,501228001,燕巢區公所,燕巢區,14,22.7881,120.36242
1180,501228002,兒二公園,燕巢區,10,22.79306,120.36643
1181,501228003,阿公店水庫停車場,燕巢區,25,22.80144,120.35711
1182,501228004,阿公店森林公園,燕巢區,16,22.81139,120.34388
1183,501228005,高雄市立圖書館燕巢分館,燕巢區,10,22.79334,120.36218
1184,501228006,西燕公園,燕巢區,10,22.79395,120.35817
1185,501228008,角宿天后宮活動中心,燕巢區,16,22.77028,120.35992
1186,501228009,東側兒一公園,燕巢區,10,22.7964,120.32678
1187,501228010,鳳雄國小,燕巢區,12,22.75347,120.35812
1188,501229001,鼓山國小(延平一路),旗山區,15,22.89834,120.48279
1189,501229002,旗山老街(華中街),旗山區,12,22.88804,120.48166
1190,501229003,旗山武德殿,旗山區,29,22.88814,120.48033
1191,501229004,旗山轉運站,旗山區,15,22.88379,120.4847
1192,501229005,旗山區公所,旗山區,16,22.88859,120.48328
1193,501229006,中華光復一街路口,旗山區,16,22.88146,120.48448
1194,501229007,旗糖農創園區,旗山區,18,22.87804,120.49619
1195,501229008,旗糖農創園區(停車場),旗山區,20,22.88174,120.49127
1196,501230001,美濃湖(民權路),美濃區,15,22.90761,120.55159
1197,501230002,雙峰公園停車場,美濃區,15,22.90168,120.54212
1198,501230003,高雄市立圖書館美濃分館,美濃區,15,22.90015,120.54201
1199,501235001,甲仙親水公園停車場,甲仙區,15,23.08244,120.58698
